id,customer_id,datetime,product_id,quantity,total_price,comments
1,708,2021-06-13T15:15:15Z,619,6,76.48,"Curabitur at ipsum ac tellus semper interdum. Mauris ullamcorper purus sit amet nulla. Quisque arcu libero, rutrum ac, lobortis vel, dapibus at, diam."
2,605,2021-02-04T12:13:57Z,412,7,86.4,
3,713,2021-04-19T01:19:12Z,193,8,91.32,Proin eu mi. Nulla ac enim.
4,504,2021-05-14T23:43:54Z,791,10,42.98,
5,185,2020-12-10T20:36:12Z,675,8,12.83,"Integer pede justo, lacinia eget, tincidunt eget, tempus vel, pede. Morbi porttitor lorem id ligula. Suspendisse ornare consequat lectus."
6,972,2020-12-10T19:25:12Z,938,8,81.29,
7,264,2021-04-05T06:57:57Z,450,10,89.73,"Phasellus id sapien in sapien iaculis congue. Vivamus metus arcu, adipiscing molestie, hendrerit at, vulputate vitae, nisl. Aenean lectus."
8,676,2021-04-30T10:00:31Z,83,1,29.06,"Sed sagittis. Nam congue, risus semper porta volutpat, quam pede lobortis ligula, sit amet eleifend pede libero quis orci. Nullam molestie nibh in lectus."
9,996,2021-08-14T15:39:10Z,939,8,93.95,
10,792,2020-10-25T15:55:21Z,920,6,47.0,Suspendisse accumsan tortor quis turpis.
11,,2021-06-21T17:25:36Z,857,3,46.97,Nunc rhoncus dui vel sem.
12,864,2021-02-02T02:55:48Z,610,7,76.67,Mauris sit amet eros. Suspendisse accumsan tortor quis turpis. Sed ante.
13,985,2021-05-23T23:15:55Z,564,5,25.26,
14,711,2020-11-04T03:03:09Z,280,2,12.69,Donec vitae nisi.
15,752,2020-12-28T18:28:14Z,716,10,93.08,
16,671,2021-06-16T08:48:59Z,342,10,41.15,
17,965,2021-04-20T18:09:18Z,809,2,38.57,
18,519,2021-03-23T14:05:04Z,224,2,67.6,Maecenas rhoncus aliquam lacus.
19,873,2020-11-02T02:05:02Z,854,10,33.75,
20,981,2020-12-13T19:21:32Z,506,8,69.07,
21,757,2021-01-13T22:50:33Z,350,8,41.94,Integer a nibh.
22,74,2020-09-12T23:19:07Z,353,6,68.09,"Morbi ut odio. Cras mi pede, malesuada in, imperdiet et, commodo vulputate, justo. In blandit ultrices enim."
23,286,2021-07-12T01:00:51Z,519,4,37.78,Ut tellus. Nulla ut erat id mauris vulputate elementum. Nullam varius.
24,722,2021-01-15T12:54:41Z,454,7,26.83,"Duis bibendum, felis sed interdum venenatis, turpis enim blandit mi, in porttitor pede justo eu massa."
25,59,2021-05-26T06:15:45Z,151,6,96.25,"Maecenas leo odio, condimentum id, luctus nec, molestie sed, justo."
26,827,2021-08-10T14:01:57Z,757,6,24.79,"Morbi sem mauris, laoreet ut, rhoncus aliquet, pulvinar sed, nisl."
27,615,2020-10-08T09:51:10Z,772,4,44.91,"Morbi vel lectus in quam fringilla rhoncus. Mauris enim leo, rhoncus sed, vestibulum sit amet, cursus id, turpis. Integer aliquet, massa id lobortis convallis, tortor risus dapibus augue, vel accumsan tellus nisi eu orci."
28,571,2021-04-14T20:58:42Z,893,3,18.71,Nulla ut erat id mauris vulputate elementum.
29,238,2021-03-27T23:18:39Z,763,,69.73,
30,444,2021-07-17T07:10:56Z,100,7,59.81,"Donec quis orci eget orci vehicula condimentum. Curabitur in libero ut massa volutpat convallis. Morbi odio odio, elementum eu, interdum eu, tincidunt in, leo."
31,731,2020-11-08T19:10:54Z,418,2,48.87,Aliquam erat volutpat. In congue. Etiam justo.
32,544,2021-01-24T15:51:25Z,717,10,11.08,
33,980,2021-02-08T00:29:44Z,457,3,41.28,Vestibulum ante ipsum primis in faucibus orci luctus et ultrices posuere cubilia Curae; Duis faucibus accumsan odio.
34,608,2021-07-18T03:05:03Z,108,4,54.19,
35,89,2021-02-27T09:47:35Z,375,2,65.37,Vivamus in felis eu sapien cursus vestibulum. Proin eu mi. Nulla ac enim.
36,372,2020-12-09T11:25:02Z,615,10,39.92,
37,178,2021-05-23T10:50:21Z,161,6,66.18,Sed accumsan felis.
38,281,2021-04-13T12:30:57Z,165,9,78.19,"Maecenas rhoncus aliquam lacus. Morbi quis tortor id nulla ultrices aliquet. Maecenas leo odio, condimentum id, luctus nec, molestie sed, justo."
39,295,2020-11-19T21:38:14Z,954,,86.01,
40,139,2021-06-23T01:27:47Z,370,5,87.95,"Morbi ut odio. Cras mi pede, malesuada in, imperdiet et, commodo vulputate, justo. In blandit ultrices enim."
41,889,2021-01-26T03:58:02Z,869,3,78.99,
42,420,2021-02-07T01:41:09Z,807,7,52.84,Vivamus vel nulla eget eros elementum pellentesque.
43,68,2020-11-30T10:23:12Z,568,7,80.95,
44,20,2020-09-22T19:11:22Z,396,2,60.62,Nulla tempus.
45,554,2020-10-28T06:00:11Z,489,2,63.79,
46,500,2020-12-06T21:54:30Z,12,10,32.81,Nunc rhoncus dui vel sem.
47,225,2021-07-02T15:18:37Z,731,9,18.13,Vivamus in felis eu sapien cursus vestibulum. Proin eu mi.
48,164,2021-03-09T02:11:38Z,558,8,49.41,"Curabitur in libero ut massa volutpat convallis. Morbi odio odio, elementum eu, interdum eu, tincidunt in, leo. Maecenas pulvinar lobortis est."
49,429,2021-07-08T23:15:42Z,61,3,68.07,In eleifend quam a odio.
50,598,2020-11-25T00:03:10Z,538,10,28.09,Mauris sit amet eros.
51,441,2021-07-12T21:47:51Z,229,8,83.83,
52,904,2021-04-07T15:50:07Z,557,3,96.78,
53,41,2021-05-28T23:39:03Z,285,2,31.81,"In blandit ultrices enim. Lorem ipsum dolor sit amet, consectetuer adipiscing elit. Proin interdum mauris non ligula pellentesque ultrices."
54,555,2021-02-28T21:11:34Z,490,3,39.79,
55,661,2021-07-01T23:25:08Z,92,4,23.32,
56,640,2021-05-25T14:04:25Z,389,9,70.93,Maecenas tincidunt lacus at velit. Vivamus vel nulla eget eros elementum pellentesque.
57,323,2021-05-08T09:23:22Z,177,9,76.28,Nulla justo. Aliquam quis turpis eget elit sodales scelerisque.
58,936,2021-07-13T05:31:42Z,612,10,95.5,
59,290,2020-10-17T13:00:14Z,85,8,76.62,In hac habitasse platea dictumst. Etiam faucibus cursus urna.
60,741,2020-10-14T21:26:49Z,883,8,78.25,Quisque id justo sit amet sapien dignissim vestibulum. Vestibulum ante ipsum primis in faucibus orci luctus et ultrices posuere cubilia Curae; Nulla dapibus dolor vel est.
61,900,2020-10-05T19:07:54Z,702,6,12.68,"Maecenas rhoncus aliquam lacus. Morbi quis tortor id nulla ultrices aliquet. Maecenas leo odio, condimentum id, luctus nec, molestie sed, justo."
62,309,2021-04-22T03:59:59Z,950,3,57.75,Integer ac neque.
63,656,2021-03-08T06:31:19Z,81,4,13.87,Integer ac neque. Duis bibendum. Morbi non quam nec dui luctus rutrum.
64,929,2021-04-26T10:07:33Z,200,3,42.8,
65,477,2021-03-24T18:25:03Z,408,8,81.46,
66,714,2021-02-23T22:28:54Z,355,6,35.14,
67,186,2021-08-08T05:30:43Z,241,6,52.32,
68,724,2020-09-09T03:54:06Z,604,3,56.11,In congue. Etiam justo. Etiam pretium iaculis justo.
69,410,2020-11-09T05:55:53Z,905,8,16.56,Vivamus in felis eu sapien cursus vestibulum. Proin eu mi.
70,765,2021-01-01T04:06:52Z,502,10,59.62,Proin eu mi. Nulla ac enim.
71,395,2021-07-06T14:22:34Z,591,3,66.6,Pellentesque at nulla. Suspendisse potenti.
72,669,2020-09-05T22:14:04Z,583,2,58.5,Etiam pretium iaculis justo. In hac habitasse platea dictumst. Etiam faucibus cursus urna.
73,596,2021-03-17T22:24:43Z,946,1,14.76,Nullam sit amet turpis elementum ligula vehicula consequat. Morbi a ipsum.
74,447,2021-02-24T22:12:25Z,652,5,49.24,Praesent blandit lacinia erat.
75,145,2021-07-16T05:15:17Z,627,4,78.6,Mauris ullamcorper purus sit amet nulla.
76,213,2021-05-29T12:11:03Z,915,6,20.42,In hac habitasse platea dictumst.
77,737,2020-12-02T03:54:11Z,439,6,96.71,
78,473,2020-10-02T10:35:42Z,413,5,18.86,Morbi a ipsum. Integer a nibh.
79,532,2020-08-25T03:13:49Z,61,,59.93,
80,355,2021-01-25T12:58:59Z,422,8,68.65,"Aliquam augue quam, sollicitudin vitae, consectetuer eget, rutrum at, lorem."
81,202,2020-11-13T00:24:56Z,749,8,16.3,"Donec odio justo, sollicitudin ut, suscipit a, feugiat et, eros."
82,993,2021-01-24T07:09:37Z,940,3,85.11,Proin at turpis a pede posuere nonummy.
83,162,2021-03-01T06:40:04Z,700,6,74.7,"Morbi non lectus. Aliquam sit amet diam in magna bibendum imperdiet. Nullam orci pede, venenatis non, sodales sed, tincidunt eu, felis."
84,242,2020-10-12T00:58:58Z,492,1,16.26,"Vestibulum quam sapien, varius ut, blandit non, interdum in, ante. Vestibulum ante ipsum primis in faucibus orci luctus et ultrices posuere cubilia Curae; Duis faucibus accumsan odio. Curabitur convallis."
85,747,2020-09-08T09:08:09Z,470,10,98.58,
86,831,2020-11-13T17:20:03Z,47,10,26.02,Nunc rhoncus dui vel sem. Sed sagittis.
87,487,2021-04-13T06:10:04Z,566,7,86.87,Aliquam sit amet diam in magna bibendum imperdiet.
88,166,2021-01-18T11:47:59Z,455,10,53.39,Phasellus sit amet erat. Nulla tempus. Vivamus in felis eu sapien cursus vestibulum.
89,995,2021-03-26T00:11:13Z,181,10,94.57,"Praesent lectus. Vestibulum quam sapien, varius ut, blandit non, interdum in, ante. Vestibulum ante ipsum primis in faucibus orci luctus et ultrices posuere cubilia Curae; Duis faucibus accumsan odio."
90,177,2021-05-14T18:51:42Z,43,10,39.24,Vestibulum rutrum rutrum neque. Aenean auctor gravida sem.
91,513,2020-10-25T01:43:07Z,464,4,43.48,
92,168,2020-11-11T21:22:33Z,792,5,87.41,Nullam porttitor lacus at turpis.
93,224,2020-11-09T07:17:20Z,657,4,17.41,
94,207,2020-12-20T20:41:07Z,310,8,91.55,
95,805,2021-07-19T13:44:06Z,652,5,96.58,Curabitur convallis. Duis consequat dui nec nisi volutpat eleifend. Donec ut dolor.
96,382,2021-06-18T23:56:01Z,61,10,70.91,Duis ac nibh.
97,590,2021-01-05T17:13:32Z,521,4,17.1,
98,631,2020-10-13T13:07:30Z,108,5,43.76,Suspendisse potenti.
99,783,2021-04-30T17:12:47Z,679,8,36.43,"Vestibulum ac est lacinia nisi venenatis tristique. Fusce congue, diam id ornare imperdiet, sapien urna pretium nisl, ut volutpat sapien arcu sed augue. Aliquam erat volutpat."
100,361,2020-11-04T07:11:02Z,47,3,31.5,Curabitur convallis.
101,878,2021-06-17T08:00:11Z,647,2,80.78,Vestibulum ante ipsum primis in faucibus orci luctus et ultrices posuere cubilia Curae; Nulla dapibus dolor vel est.
102,18,2020-10-11T16:13:16Z,988,7,95.42,Maecenas pulvinar lobortis est.
103,733,2021-06-17T04:36:22Z,744,3,63.08,Integer non velit.
104,462,2021-01-22T06:16:42Z,140,1,93.41,Phasellus id sapien in sapien iaculis congue.
105,623,2021-03-25T15:15:51Z,803,7,48.21,Mauris ullamcorper purus sit amet nulla.
106,762,2020-10-13T21:17:44Z,402,7,45.65,
107,126,2021-04-10T16:02:35Z,598,9,23.33,
108,41,2021-01-24T15:10:50Z,114,6,80.8,In congue.
109,537,2021-04-26T01:14:32Z,642,7,16.14,
110,631,2020-12-03T18:11:14Z,106,8,90.17,
111,108,2021-04-14T21:33:31Z,705,9,82.98,
112,314,2021-01-21T07:22:08Z,333,10,54.17,In quis justo. Maecenas rhoncus aliquam lacus.
113,376,2021-07-24T15:54:02Z,675,6,68.58,"Cras pellentesque volutpat dui. Maecenas tristique, est et tempus semper, est quam pharetra magna, ac consequat metus sapien ut nunc. Vestibulum ante ipsum primis in faucibus orci luctus et ultrices posuere cubilia Curae; Mauris viverra diam vitae quam."
114,890,2021-01-23T10:28:06Z,281,1,16.71,Duis aliquam convallis nunc. Proin at turpis a pede posuere nonummy.
115,347,2021-04-24T23:07:50Z,954,2,71.88,Aliquam erat volutpat. In congue.
116,338,2021-05-25T07:36:04Z,559,10,24.77,
117,330,2021-01-11T05:37:57Z,189,1,97.56,
118,997,2021-01-25T18:16:30Z,387,10,42.8,Cras pellentesque volutpat dui.
119,856,2020-11-29T15:09:27Z,995,7,54.68,
120,168,2021-03-21T04:40:39Z,718,8,14.7,Vivamus vel nulla eget eros elementum pellentesque. Quisque porta volutpat erat.
121,635,2021-05-29T14:47:34Z,899,10,12.71,"Nulla nisl. Nunc nisl. Duis bibendum, felis sed interdum venenatis, turpis enim blandit mi, in porttitor pede justo eu massa."
122,16,2021-03-14T23:37:02Z,252,8,69.25,
123,108,2021-07-02T02:08:46Z,155,9,55.93,Nulla ac enim.
124,563,2020-11-29T06:57:29Z,101,6,58.61,
125,509,2021-08-01T07:18:15Z,385,7,45.94,"In est risus, auctor sed, tristique in, tempus sit amet, sem."
126,877,2021-06-09T01:44:42Z,884,5,20.84,Etiam vel augue. Vestibulum rutrum rutrum neque.
127,223,2020-09-24T21:29:17Z,26,10,44.75,Nunc rhoncus dui vel sem. Sed sagittis.
128,109,2020-11-21T21:19:11Z,273,7,34.32,"Nunc rhoncus dui vel sem. Sed sagittis. Nam congue, risus semper porta volutpat, quam pede lobortis ligula, sit amet eleifend pede libero quis orci."
129,240,2020-11-26T03:32:12Z,959,7,95.44,Praesent blandit lacinia erat. Vestibulum sed magna at nunc commodo placerat.
130,570,2020-11-01T03:47:04Z,242,10,68.82,
131,165,2020-11-16T22:06:56Z,664,7,57.83,Proin eu mi. Nulla ac enim.
132,384,2021-08-01T17:37:47Z,408,8,47.1,Sed vel enim sit amet nunc viverra dapibus. Nulla suscipit ligula in lacus. Curabitur at ipsum ac tellus semper interdum.
133,60,2021-01-28T00:45:44Z,416,9,92.96,
134,121,2020-10-15T22:13:22Z,828,8,96.52,
135,477,2021-06-05T13:20:08Z,614,1,80.87,"Vestibulum ante ipsum primis in faucibus orci luctus et ultrices posuere cubilia Curae; Donec pharetra, magna vestibulum aliquet ultrices, erat tortor sollicitudin mi, sit amet lobortis sapien sapien non mi. Integer ac neque."
136,971,2020-10-13T09:38:03Z,428,9,11.41,Curabitur convallis. Duis consequat dui nec nisi volutpat eleifend. Donec ut dolor.
137,847,2021-01-31T07:38:01Z,139,10,51.1,Aliquam quis turpis eget elit sodales scelerisque. Mauris sit amet eros.
138,506,2020-10-09T23:43:16Z,107,3,52.0,"Nam nulla. Integer pede justo, lacinia eget, tincidunt eget, tempus vel, pede."
139,149,2021-06-21T03:26:31Z,797,5,34.64,
140,341,2020-10-25T01:47:51Z,144,4,32.1,
141,174,2021-02-25T18:31:21Z,323,10,19.91,
142,67,2020-10-12T10:44:30Z,350,2,89.25,
143,336,2020-10-27T08:08:56Z,575,5,53.74,Vivamus vel nulla eget eros elementum pellentesque. Quisque porta volutpat erat.
144,479,2020-10-22T04:54:59Z,535,6,15.04,Sed accumsan felis. Ut at dolor quis odio consequat varius.
145,36,2021-08-14T02:09:39Z,702,6,89.7,Etiam justo.
146,430,2020-08-21T10:19:04Z,583,3,65.45,Integer a nibh. In quis justo. Maecenas rhoncus aliquam lacus.
147,107,2020-10-23T09:44:50Z,585,5,95.71,
148,419,2021-04-21T15:15:47Z,244,10,17.3,"In tempor, turpis nec euismod scelerisque, quam turpis adipiscing lorem, vitae mattis nibh ligula nec sem. Duis aliquam convallis nunc. Proin at turpis a pede posuere nonummy."
149,670,2021-02-20T05:12:22Z,751,9,72.83,"In est risus, auctor sed, tristique in, tempus sit amet, sem. Fusce consequat."
150,126,2021-01-31T04:43:03Z,145,6,31.18,"In hac habitasse platea dictumst. Aliquam augue quam, sollicitudin vitae, consectetuer eget, rutrum at, lorem. Integer tincidunt ante vel ipsum."
151,230,2021-05-30T02:45:45Z,996,5,33.04,"Fusce posuere felis sed lacus. Morbi sem mauris, laoreet ut, rhoncus aliquet, pulvinar sed, nisl. Nunc rhoncus dui vel sem."
152,830,2021-04-25T18:52:12Z,635,8,71.63,Proin risus.
153,958,2021-07-14T21:23:44Z,636,,19.51,"Morbi odio odio, elementum eu, interdum eu, tincidunt in, leo. Maecenas pulvinar lobortis est."
154,783,2020-09-23T17:38:38Z,311,1,42.08,
155,,2021-05-10T06:46:58Z,673,10,45.06,Sed sagittis.
156,315,2020-10-25T17:26:49Z,392,10,16.98,
157,892,2021-01-13T23:50:49Z,311,5,74.71,
158,391,2021-07-17T16:14:08Z,522,10,73.78,"Cras mi pede, malesuada in, imperdiet et, commodo vulputate, justo."
159,598,2020-12-02T20:52:10Z,890,2,87.45,Praesent blandit.
160,652,2021-02-12T03:10:15Z,720,7,42.61,
161,512,2021-07-17T01:07:31Z,301,8,11.69,Nulla facilisi.
162,,2020-12-20T21:35:57Z,262,4,87.39,
163,630,2021-02-07T01:48:42Z,797,10,67.8,
164,730,2021-06-02T18:58:10Z,132,10,55.53,"Vivamus vestibulum sagittis sapien. Cum sociis natoque penatibus et magnis dis parturient montes, nascetur ridiculus mus. Etiam vel augue."
165,805,2021-05-15T18:38:36Z,72,1,97.4,Curabitur in libero ut massa volutpat convallis.
166,490,2021-01-15T09:41:23Z,181,3,86.81,
167,759,2021-07-08T08:59:52Z,366,10,42.51,In hac habitasse platea dictumst. Etiam faucibus cursus urna. Ut tellus.
168,929,2020-09-14T10:19:12Z,902,10,42.6,
169,64,2020-11-22T19:59:46Z,11,9,47.17,
170,947,2021-04-28T15:12:57Z,289,4,12.34,Morbi non lectus. Aliquam sit amet diam in magna bibendum imperdiet.
171,310,2020-10-07T14:31:46Z,506,10,99.61,"Donec odio justo, sollicitudin ut, suscipit a, feugiat et, eros."
172,293,2020-12-10T04:18:50Z,809,6,98.52,"Vestibulum ante ipsum primis in faucibus orci luctus et ultrices posuere cubilia Curae; Nulla dapibus dolor vel est. Donec odio justo, sollicitudin ut, suscipit a, feugiat et, eros."
173,500,2020-11-03T03:19:52Z,706,4,62.99,"Cras mi pede, malesuada in, imperdiet et, commodo vulputate, justo. In blandit ultrices enim. Lorem ipsum dolor sit amet, consectetuer adipiscing elit."
174,496,2021-07-11T01:08:54Z,767,3,85.64,
175,390,2021-01-01T10:23:37Z,980,4,29.58,"Proin interdum mauris non ligula pellentesque ultrices. Phasellus id sapien in sapien iaculis congue. Vivamus metus arcu, adipiscing molestie, hendrerit at, vulputate vitae, nisl."
176,450,2021-03-20T12:38:34Z,749,9,24.47,
177,36,2021-05-30T20:53:29Z,737,3,83.78,
178,204,2020-10-21T01:02:51Z,817,5,76.51,"In sagittis dui vel nisl. Duis ac nibh. Fusce lacus purus, aliquet at, feugiat non, pretium quis, lectus."
179,501,2020-10-20T08:03:03Z,727,8,29.5,Aliquam erat volutpat. In congue. Etiam justo.
180,471,2021-07-31T15:54:05Z,243,8,78.04,"Mauris ullamcorper purus sit amet nulla. Quisque arcu libero, rutrum ac, lobortis vel, dapibus at, diam."
181,75,2021-08-17T19:13:39Z,11,1,31.18,"Maecenas tristique, est et tempus semper, est quam pharetra magna, ac consequat metus sapien ut nunc."
182,486,2021-02-26T17:42:47Z,339,6,98.8,
183,191,2020-09-17T05:00:29Z,940,10,49.26,Maecenas ut massa quis augue luctus tincidunt.
184,520,2021-04-22T20:32:17Z,588,2,38.57,
185,191,2020-10-15T14:58:31Z,407,2,84.68,
186,61,2021-01-17T03:14:50Z,457,10,45.21,Etiam faucibus cursus urna. Ut tellus.
187,840,2020-12-20T14:37:01Z,900,6,56.71,
188,145,2021-04-03T03:28:20Z,727,1,15.76,"In hac habitasse platea dictumst. Morbi vestibulum, velit id pretium iaculis, diam erat fermentum justo, nec condimentum neque sapien placerat ante. Nulla justo."
189,,2021-06-16T06:27:30Z,948,7,62.93,"Aliquam sit amet diam in magna bibendum imperdiet. Nullam orci pede, venenatis non, sodales sed, tincidunt eu, felis."
190,206,2020-12-10T20:54:32Z,698,7,49.93,"Sed sagittis. Nam congue, risus semper porta volutpat, quam pede lobortis ligula, sit amet eleifend pede libero quis orci. Nullam molestie nibh in lectus."
191,108,2021-05-05T01:09:56Z,10,8,32.34,Donec dapibus. Duis at velit eu est congue elementum. In hac habitasse platea dictumst.
192,425,2020-11-05T11:50:24Z,458,2,46.76,"In est risus, auctor sed, tristique in, tempus sit amet, sem. Fusce consequat."
193,906,2021-02-26T06:58:26Z,292,8,40.27,"Nullam orci pede, venenatis non, sodales sed, tincidunt eu, felis."
194,529,2021-05-18T13:58:34Z,365,7,33.39,
195,690,2020-11-07T10:25:33Z,334,6,14.74,Etiam vel augue.
196,553,2020-10-15T09:23:32Z,756,3,76.99,Donec quis orci eget orci vehicula condimentum. Curabitur in libero ut massa volutpat convallis.
197,601,2021-08-15T23:41:22Z,690,8,34.09,Donec dapibus.
198,595,2021-06-27T18:40:08Z,91,5,80.13,
199,528,2021-02-17T07:37:07Z,66,5,27.85,Aliquam sit amet diam in magna bibendum imperdiet.
200,760,2021-05-22T19:29:14Z,439,10,36.41,"Maecenas tristique, est et tempus semper, est quam pharetra magna, ac consequat metus sapien ut nunc. Vestibulum ante ipsum primis in faucibus orci luctus et ultrices posuere cubilia Curae; Mauris viverra diam vitae quam. Suspendisse potenti."
201,708,2021-03-14T15:52:40Z,150,9,69.41,Duis bibendum. Morbi non quam nec dui luctus rutrum. Nulla tellus.
202,,2021-07-11T23:26:19Z,721,2,29.73,"Aliquam augue quam, sollicitudin vitae, consectetuer eget, rutrum at, lorem. Integer tincidunt ante vel ipsum. Praesent blandit lacinia erat."
203,483,2020-12-29T04:35:39Z,142,7,73.17,Phasellus in felis.
204,,2020-12-16T11:39:35Z,865,3,74.57,"Morbi sem mauris, laoreet ut, rhoncus aliquet, pulvinar sed, nisl."
205,770,2021-06-29T03:46:43Z,374,7,84.97,"In hac habitasse platea dictumst. Morbi vestibulum, velit id pretium iaculis, diam erat fermentum justo, nec condimentum neque sapien placerat ante. Nulla justo."
206,174,2021-06-23T06:16:27Z,121,9,94.2,In eleifend quam a odio. In hac habitasse platea dictumst.
207,84,2021-05-23T22:46:22Z,389,5,98.19,Proin at turpis a pede posuere nonummy. Integer non velit.
208,38,2021-05-31T23:26:20Z,309,3,87.25,Donec quis orci eget orci vehicula condimentum.
209,156,2020-11-17T20:57:55Z,154,8,57.13,
210,84,2020-10-06T10:48:42Z,634,5,18.71,"Cum sociis natoque penatibus et magnis dis parturient montes, nascetur ridiculus mus. Etiam vel augue."
211,186,2021-04-08T09:34:17Z,506,7,38.36,In congue. Etiam justo.
212,88,2021-05-07T04:47:51Z,494,4,67.05,Aliquam quis turpis eget elit sodales scelerisque. Mauris sit amet eros.
213,459,2020-12-04T02:53:33Z,779,4,76.45,"Donec odio justo, sollicitudin ut, suscipit a, feugiat et, eros. Vestibulum ac est lacinia nisi venenatis tristique. Fusce congue, diam id ornare imperdiet, sapien urna pretium nisl, ut volutpat sapien arcu sed augue."
214,293,2021-07-24T18:00:57Z,819,7,43.3,
215,197,2021-03-09T00:30:18Z,604,7,67.14,"Vestibulum ante ipsum primis in faucibus orci luctus et ultrices posuere cubilia Curae; Donec pharetra, magna vestibulum aliquet ultrices, erat tortor sollicitudin mi, sit amet lobortis sapien sapien non mi. Integer ac neque. Duis bibendum."
216,626,2021-05-17T05:35:18Z,130,1,74.41,"Aliquam augue quam, sollicitudin vitae, consectetuer eget, rutrum at, lorem. Integer tincidunt ante vel ipsum. Praesent blandit lacinia erat."
217,34,2021-05-11T21:34:40Z,653,2,20.96,
218,8,2021-06-02T03:41:20Z,154,2,67.89,"Donec odio justo, sollicitudin ut, suscipit a, feugiat et, eros. Vestibulum ac est lacinia nisi venenatis tristique."
219,123,2020-08-22T08:54:18Z,940,3,52.27,Nullam sit amet turpis elementum ligula vehicula consequat. Morbi a ipsum.
220,,2020-11-01T15:05:12Z,912,1,62.73,
221,349,2021-02-18T12:18:16Z,771,1,36.53,Mauris sit amet eros. Suspendisse accumsan tortor quis turpis. Sed ante.
222,377,2021-08-04T16:50:08Z,736,8,70.42,Aenean auctor gravida sem.
223,337,2021-05-14T02:04:48Z,110,5,79.38,Pellentesque at nulla. Suspendisse potenti. Cras in purus eu magna vulputate luctus.
224,775,2020-09-28T09:05:48Z,289,6,86.72,
225,463,2020-12-05T04:09:14Z,979,7,83.72,Nunc nisl.
226,356,2021-02-05T22:18:07Z,824,8,13.22,"Cum sociis natoque penatibus et magnis dis parturient montes, nascetur ridiculus mus. Vivamus vestibulum sagittis sapien. Cum sociis natoque penatibus et magnis dis parturient montes, nascetur ridiculus mus."
227,737,2021-05-29T19:09:52Z,323,4,97.46,"In est risus, auctor sed, tristique in, tempus sit amet, sem. Fusce consequat."
228,66,2021-02-19T16:34:06Z,905,9,74.32,Morbi porttitor lorem id ligula.
229,725,2020-11-06T12:40:02Z,189,3,89.69,"Phasellus id sapien in sapien iaculis congue. Vivamus metus arcu, adipiscing molestie, hendrerit at, vulputate vitae, nisl."
230,248,2020-12-24T04:26:29Z,765,4,62.47,Cras non velit nec nisi vulputate nonummy.
231,399,2021-03-10T16:03:44Z,411,3,43.33,Maecenas pulvinar lobortis est. Phasellus sit amet erat.
232,726,2021-03-04T00:50:45Z,282,9,84.21,"Suspendisse potenti. Cras in purus eu magna vulputate luctus. Cum sociis natoque penatibus et magnis dis parturient montes, nascetur ridiculus mus."
233,,2020-11-08T01:13:22Z,898,6,19.53,"Nunc rhoncus dui vel sem. Sed sagittis. Nam congue, risus semper porta volutpat, quam pede lobortis ligula, sit amet eleifend pede libero quis orci."
234,870,2021-03-12T14:28:06Z,77,9,39.79,Pellentesque eget nunc. Donec quis orci eget orci vehicula condimentum.
235,326,2021-03-05T20:33:36Z,604,2,86.76,
236,508,2021-01-30T02:55:13Z,503,4,75.94,Nam tristique tortor eu pede.
237,908,2020-11-10T03:55:13Z,426,3,17.02,
238,865,2021-01-16T16:00:46Z,787,1,35.15,"Suspendisse ornare consequat lectus. In est risus, auctor sed, tristique in, tempus sit amet, sem. Fusce consequat."
239,185,2020-11-03T09:47:42Z,453,8,23.16,Proin interdum mauris non ligula pellentesque ultrices.
240,273,2021-08-02T19:03:05Z,980,9,91.17,
241,25,2021-01-18T15:32:56Z,3,8,45.0,Nunc nisl.
242,267,2021-03-16T03:04:29Z,297,3,16.46,Maecenas tincidunt lacus at velit. Vivamus vel nulla eget eros elementum pellentesque.
243,108,2020-11-11T21:17:44Z,898,7,27.25,"Vivamus vestibulum sagittis sapien. Cum sociis natoque penatibus et magnis dis parturient montes, nascetur ridiculus mus. Etiam vel augue."
244,,2020-10-21T08:03:54Z,376,2,69.09,"In blandit ultrices enim. Lorem ipsum dolor sit amet, consectetuer adipiscing elit. Proin interdum mauris non ligula pellentesque ultrices."
245,945,2021-05-05T05:43:19Z,433,3,95.09,Nullam molestie nibh in lectus. Pellentesque at nulla.
246,305,2021-05-08T21:18:37Z,762,10,17.77,Nulla justo. Aliquam quis turpis eget elit sodales scelerisque. Mauris sit amet eros.
247,981,2021-06-14T05:18:00Z,715,7,59.9,Nullam molestie nibh in lectus. Pellentesque at nulla.
248,214,2020-12-09T06:14:45Z,423,7,57.7,
249,817,2021-05-16T13:30:45Z,408,10,49.49,
250,338,2021-07-03T12:22:03Z,77,3,58.21,Aliquam non mauris.
251,851,2021-08-02T08:15:33Z,145,4,13.11,Curabitur in libero ut massa volutpat convallis.
252,355,2020-11-15T21:51:08Z,845,7,53.49,"Morbi vel lectus in quam fringilla rhoncus. Mauris enim leo, rhoncus sed, vestibulum sit amet, cursus id, turpis."
253,633,2020-10-28T13:08:53Z,45,4,10.78,
254,205,2020-09-17T23:36:35Z,363,2,53.46,
255,136,2021-07-07T16:39:16Z,383,5,50.64,Vivamus vestibulum sagittis sapien.
256,845,2021-02-25T17:34:58Z,161,4,28.32,Aliquam sit amet diam in magna bibendum imperdiet.
257,721,2020-12-23T08:10:26Z,463,4,61.74,"Morbi odio odio, elementum eu, interdum eu, tincidunt in, leo. Maecenas pulvinar lobortis est. Phasellus sit amet erat."
258,787,2021-07-02T10:27:43Z,911,1,62.8,Vivamus vestibulum sagittis sapien.
259,244,2020-12-13T08:21:11Z,529,10,95.73,
260,,2021-07-31T15:15:04Z,599,6,32.36,
261,152,2020-08-26T23:43:50Z,555,5,87.7,"Nam ultrices, libero non mattis pulvinar, nulla pede ullamcorper augue, a suscipit nulla elit ac nulla."
262,125,2020-11-27T23:37:35Z,695,7,87.84,"Nam dui. Proin leo odio, porttitor id, consequat in, consequat ut, nulla. Sed accumsan felis."
263,363,2021-06-26T13:43:22Z,748,,83.7,
264,406,2021-03-10T02:50:01Z,106,1,56.26,
265,568,2021-01-07T17:07:57Z,476,6,85.49,"Duis ac nibh. Fusce lacus purus, aliquet at, feugiat non, pretium quis, lectus. Suspendisse potenti."
266,52,2020-09-20T10:51:45Z,863,7,29.32,Vivamus in felis eu sapien cursus vestibulum. Proin eu mi.
267,133,2021-04-24T03:30:29Z,757,9,49.21,"Quisque erat eros, viverra eget, congue eget, semper rutrum, nulla."
268,7,2020-09-02T03:01:45Z,38,1,54.05,"Cras in purus eu magna vulputate luctus. Cum sociis natoque penatibus et magnis dis parturient montes, nascetur ridiculus mus. Vivamus vestibulum sagittis sapien."
269,229,2020-12-16T03:39:36Z,373,4,57.71,Phasellus sit amet erat. Nulla tempus. Vivamus in felis eu sapien cursus vestibulum.
270,804,2021-04-21T18:04:24Z,757,1,10.07,Nulla ut erat id mauris vulputate elementum. Nullam varius. Nulla facilisi.
271,856,2021-06-09T15:50:48Z,377,6,46.81,Maecenas ut massa quis augue luctus tincidunt. Nulla mollis molestie lorem. Quisque ut erat.
272,329,2020-10-29T01:02:51Z,903,2,89.26,Sed ante.
273,38,2020-12-03T12:21:43Z,61,1,26.94,
274,878,2020-09-10T17:22:01Z,510,5,85.36,"Nam nulla. Integer pede justo, lacinia eget, tincidunt eget, tempus vel, pede."
275,872,2021-06-19T04:49:28Z,873,8,33.01,
276,,2021-02-23T11:55:07Z,383,2,85.51,"Suspendisse ornare consequat lectus. In est risus, auctor sed, tristique in, tempus sit amet, sem. Fusce consequat."
277,806,2020-12-30T16:28:26Z,174,3,95.22,Nulla mollis molestie lorem. Quisque ut erat.
278,29,2020-12-10T14:53:04Z,88,5,63.14,Suspendisse potenti.
279,518,2020-10-31T09:08:37Z,82,6,28.95,Vestibulum sed magna at nunc commodo placerat. Praesent blandit. Nam nulla.
280,654,2020-09-19T02:19:12Z,165,7,47.4,Nulla nisl.
281,952,2020-11-28T18:20:00Z,394,5,74.52,"Morbi odio odio, elementum eu, interdum eu, tincidunt in, leo. Maecenas pulvinar lobortis est."
282,156,2021-02-07T13:19:03Z,643,8,68.71,Proin eu mi.
283,258,2021-04-04T17:28:11Z,58,4,75.85,
284,92,2021-01-15T12:39:10Z,341,3,14.99,
285,999,2021-08-09T19:32:02Z,205,7,95.89,
286,337,2020-09-08T01:19:40Z,913,7,65.16,Suspendisse potenti.
287,676,2021-01-03T15:29:52Z,663,5,55.12,Etiam faucibus cursus urna.
288,121,2020-10-10T15:38:23Z,641,6,47.25,
289,801,2021-08-02T09:05:41Z,215,8,22.78,
290,479,2021-06-29T23:24:53Z,733,4,24.83,
291,212,2020-08-29T05:18:18Z,636,3,10.8,"Nullam orci pede, venenatis non, sodales sed, tincidunt eu, felis."
292,70,2021-04-14T19:33:54Z,407,6,92.01,"Vivamus vestibulum sagittis sapien. Cum sociis natoque penatibus et magnis dis parturient montes, nascetur ridiculus mus."
293,652,2020-12-27T12:57:27Z,741,5,43.01,Vestibulum sed magna at nunc commodo placerat. Praesent blandit.
294,666,2020-10-05T00:48:38Z,640,9,92.47,Praesent lectus.
295,286,2021-04-29T22:14:35Z,174,6,11.79,
296,549,2021-04-11T19:47:25Z,375,2,56.91,
297,152,2021-02-15T00:11:31Z,311,3,60.12,"Nam congue, risus semper porta volutpat, quam pede lobortis ligula, sit amet eleifend pede libero quis orci. Nullam molestie nibh in lectus. Pellentesque at nulla."
298,918,2020-09-17T14:55:42Z,361,7,68.41,Etiam vel augue. Vestibulum rutrum rutrum neque. Aenean auctor gravida sem.
299,930,2020-10-29T00:25:26Z,428,7,72.71,Ut tellus.
300,785,2021-02-23T06:35:12Z,2,1,55.08,
301,602,2020-10-17T12:39:30Z,997,10,51.35,In congue. Etiam justo.
302,371,2021-02-14T17:43:13Z,812,2,32.28,Suspendisse potenti. Nullam porttitor lacus at turpis.
303,273,2021-04-06T10:28:29Z,707,3,34.31,Aenean lectus. Pellentesque eget nunc.
304,131,2021-04-19T09:54:56Z,172,8,89.1,"Sed sagittis. Nam congue, risus semper porta volutpat, quam pede lobortis ligula, sit amet eleifend pede libero quis orci. Nullam molestie nibh in lectus."
305,25,2021-05-25T00:00:54Z,808,6,61.27,"Lorem ipsum dolor sit amet, consectetuer adipiscing elit. Proin interdum mauris non ligula pellentesque ultrices."
306,217,2021-07-07T08:14:43Z,384,1,65.96,Praesent id massa id nisl venenatis lacinia.
307,538,2021-06-04T06:47:40Z,415,6,79.26,
308,233,2020-12-11T17:00:59Z,895,6,85.81,Morbi porttitor lorem id ligula. Suspendisse ornare consequat lectus.
309,994,2021-02-01T16:16:57Z,416,6,94.51,
310,522,2021-05-10T14:10:47Z,431,,19.96,"Maecenas tristique, est et tempus semper, est quam pharetra magna, ac consequat metus sapien ut nunc. Vestibulum ante ipsum primis in faucibus orci luctus et ultrices posuere cubilia Curae; Mauris viverra diam vitae quam. Suspendisse potenti."
311,794,2020-08-27T08:10:54Z,360,1,92.18,
312,831,2020-10-22T22:55:22Z,364,4,89.94,"Fusce congue, diam id ornare imperdiet, sapien urna pretium nisl, ut volutpat sapien arcu sed augue."
313,932,2021-03-18T22:14:48Z,892,5,88.28,Integer ac leo. Pellentesque ultrices mattis odio. Donec vitae nisi.
314,650,2020-11-17T19:53:22Z,908,4,90.64,
315,880,2021-01-26T14:39:29Z,883,2,24.79,In quis justo.
316,685,2021-07-10T07:50:16Z,327,6,85.38,Aliquam non mauris.
317,831,2021-02-20T16:05:37Z,9,5,48.78,Nullam porttitor lacus at turpis.
318,712,2021-05-10T08:28:32Z,35,4,45.34,Nulla ut erat id mauris vulputate elementum.
319,90,2020-10-07T06:46:24Z,991,4,77.07,Sed accumsan felis.
320,110,2021-04-25T03:21:28Z,991,8,72.94,"Nam dui. Proin leo odio, porttitor id, consequat in, consequat ut, nulla. Sed accumsan felis."
321,,2021-05-31T11:43:11Z,850,9,19.27,Quisque porta volutpat erat.
322,304,2021-06-28T21:07:45Z,883,4,34.04,
323,865,2021-03-29T07:59:32Z,459,10,61.63,"Lorem ipsum dolor sit amet, consectetuer adipiscing elit."
324,383,2020-09-08T07:55:06Z,992,1,59.2,"Phasellus id sapien in sapien iaculis congue. Vivamus metus arcu, adipiscing molestie, hendrerit at, vulputate vitae, nisl. Aenean lectus."
325,269,2021-04-12T18:08:39Z,143,3,28.84,Praesent lectus.
326,168,2021-05-26T13:42:40Z,480,7,68.04,
327,56,2020-10-29T02:26:58Z,200,1,15.72,Maecenas ut massa quis augue luctus tincidunt. Nulla mollis molestie lorem.
328,949,2020-08-23T09:33:55Z,292,2,17.15,Duis at velit eu est congue elementum. In hac habitasse platea dictumst.
329,517,2021-05-22T16:29:25Z,762,3,46.39,Aenean auctor gravida sem.
330,670,2021-01-26T13:59:18Z,187,5,88.46,
331,323,2020-11-23T20:21:00Z,984,9,68.87,Pellentesque viverra pede ac diam. Cras pellentesque volutpat dui.
332,687,2021-04-11T09:59:57Z,940,9,17.41,Nunc rhoncus dui vel sem. Sed sagittis.
333,317,2021-03-11T05:08:27Z,825,2,36.87,Etiam pretium iaculis justo.
334,744,2021-06-19T21:16:34Z,119,1,81.77,
335,760,2021-05-14T04:26:21Z,211,6,82.43,Pellentesque at nulla. Suspendisse potenti.
336,390,2020-12-16T08:00:33Z,474,9,71.03,"Phasellus id sapien in sapien iaculis congue. Vivamus metus arcu, adipiscing molestie, hendrerit at, vulputate vitae, nisl."
337,854,2020-12-08T08:18:01Z,632,2,80.28,
338,375,2021-06-03T15:17:30Z,13,3,35.53,
339,31,2021-05-18T03:46:06Z,213,8,26.95,"Quisque erat eros, viverra eget, congue eget, semper rutrum, nulla. Nunc purus. Phasellus in felis."
340,976,2020-11-20T14:25:01Z,548,4,91.94,
341,513,2021-03-19T22:12:48Z,845,1,26.23,Fusce posuere felis sed lacus.
342,707,2021-02-22T23:35:34Z,968,4,19.52,
343,809,2020-09-05T18:36:05Z,408,1,48.98,Aenean auctor gravida sem.
344,652,2020-09-05T15:27:25Z,121,6,96.54,Aenean sit amet justo. Morbi ut odio.
345,77,2020-12-11T14:09:07Z,808,8,23.35,Vivamus vel nulla eget eros elementum pellentesque.
346,231,2020-09-06T07:18:32Z,925,2,43.24,"Vestibulum ac est lacinia nisi venenatis tristique. Fusce congue, diam id ornare imperdiet, sapien urna pretium nisl, ut volutpat sapien arcu sed augue. Aliquam erat volutpat."
347,548,2020-08-30T05:01:54Z,504,8,98.31,"Nulla neque libero, convallis eget, eleifend luctus, ultricies eu, nibh."
348,14,2021-02-25T22:06:30Z,240,9,78.93,Vestibulum ante ipsum primis in faucibus orci luctus et ultrices posuere cubilia Curae; Nulla dapibus dolor vel est.
349,8,2021-01-30T22:56:38Z,600,7,32.85,"Integer pede justo, lacinia eget, tincidunt eget, tempus vel, pede. Morbi porttitor lorem id ligula."
350,3,2021-02-27T16:13:37Z,481,4,58.3,
351,909,2021-04-12T08:39:25Z,350,9,43.52,Curabitur convallis. Duis consequat dui nec nisi volutpat eleifend. Donec ut dolor.
352,631,2020-11-03T07:19:59Z,785,9,30.85,"Nam nulla. Integer pede justo, lacinia eget, tincidunt eget, tempus vel, pede. Morbi porttitor lorem id ligula."
353,641,2021-08-06T10:08:17Z,975,7,88.81,
354,652,2021-02-17T02:10:18Z,940,5,97.66,Ut tellus. Nulla ut erat id mauris vulputate elementum. Nullam varius.
355,272,2021-02-20T14:51:02Z,625,1,47.7,
356,531,2021-07-11T05:16:32Z,321,10,76.87,Sed vel enim sit amet nunc viverra dapibus. Nulla suscipit ligula in lacus.
357,933,2021-07-30T09:01:26Z,711,2,48.87,Donec dapibus. Duis at velit eu est congue elementum. In hac habitasse platea dictumst.
358,400,2021-04-02T20:54:40Z,754,2,21.28,
359,57,2021-05-19T03:24:26Z,110,3,12.81,Vestibulum sed magna at nunc commodo placerat. Praesent blandit.
360,926,2020-09-28T23:04:50Z,939,1,95.82,
361,162,2021-05-20T19:45:58Z,884,6,48.71,Nullam molestie nibh in lectus. Pellentesque at nulla.
362,343,2020-12-29T14:15:18Z,235,6,10.08,
363,733,2021-07-23T14:49:32Z,63,5,44.12,"Integer pede justo, lacinia eget, tincidunt eget, tempus vel, pede."
364,774,2021-04-25T02:15:02Z,545,3,74.74,Donec dapibus. Duis at velit eu est congue elementum. In hac habitasse platea dictumst.
365,359,2020-11-23T15:41:35Z,747,5,20.46,Pellentesque at nulla.
366,429,2020-09-04T13:11:13Z,287,3,60.91,Nulla suscipit ligula in lacus. Curabitur at ipsum ac tellus semper interdum. Mauris ullamcorper purus sit amet nulla.
367,725,2021-04-01T17:35:15Z,823,3,49.49,"Proin at turpis a pede posuere nonummy. Integer non velit. Donec diam neque, vestibulum eget, vulputate ut, ultrices vel, augue."
368,651,2020-12-24T19:24:24Z,900,2,17.28,Duis mattis egestas metus. Aenean fermentum. Donec ut mauris eget massa tempor convallis.
369,810,2021-05-12T22:52:00Z,822,3,83.58,
370,214,2020-10-04T12:10:44Z,83,4,15.71,Sed sagittis.
371,543,2020-10-13T04:12:39Z,819,2,22.15,Suspendisse ornare consequat lectus.
372,498,2021-05-06T15:39:00Z,728,9,66.15,"Aliquam augue quam, sollicitudin vitae, consectetuer eget, rutrum at, lorem."
373,589,2020-11-10T00:23:24Z,123,7,32.02,Nullam molestie nibh in lectus. Pellentesque at nulla.
374,99,2021-01-19T17:50:30Z,694,8,38.83,
375,786,2021-02-18T12:17:06Z,734,4,68.61,"Maecenas leo odio, condimentum id, luctus nec, molestie sed, justo. Pellentesque viverra pede ac diam."
376,381,2020-11-06T01:31:37Z,414,4,61.09,"Nam congue, risus semper porta volutpat, quam pede lobortis ligula, sit amet eleifend pede libero quis orci."
377,73,2021-08-11T17:31:37Z,612,6,45.64,Etiam faucibus cursus urna. Ut tellus.
378,636,2020-10-22T23:47:23Z,486,6,34.28,
379,952,2021-07-03T03:05:25Z,644,5,61.53,
380,955,2020-09-30T23:40:52Z,516,4,36.66,"Phasellus id sapien in sapien iaculis congue. Vivamus metus arcu, adipiscing molestie, hendrerit at, vulputate vitae, nisl. Aenean lectus."
381,800,2021-05-08T10:06:36Z,420,3,79.43,
382,490,2021-04-08T14:06:16Z,345,,89.07,
383,765,2020-12-18T04:16:13Z,50,7,23.85,"In sagittis dui vel nisl. Duis ac nibh. Fusce lacus purus, aliquet at, feugiat non, pretium quis, lectus."
384,971,2021-02-22T07:32:38Z,314,2,36.87,
385,951,2021-02-16T16:15:41Z,118,9,61.63,
386,804,2021-07-07T00:52:26Z,521,10,66.26,
387,738,2020-11-21T23:37:42Z,344,1,73.62,Donec ut dolor.
388,870,2021-05-27T07:45:19Z,306,10,45.15,Suspendisse accumsan tortor quis turpis.
389,638,2021-03-29T18:02:22Z,200,3,70.31,"Donec diam neque, vestibulum eget, vulputate ut, ultrices vel, augue."
390,314,2021-04-23T12:08:29Z,782,3,46.01,Proin eu mi. Nulla ac enim.
391,133,2021-03-30T11:54:58Z,783,2,30.38,"Integer pede justo, lacinia eget, tincidunt eget, tempus vel, pede. Morbi porttitor lorem id ligula. Suspendisse ornare consequat lectus."
392,591,2021-05-23T02:54:51Z,557,4,38.67,Suspendisse accumsan tortor quis turpis. Sed ante. Vivamus tortor.
393,287,2021-01-07T16:54:47Z,851,9,55.64,In hac habitasse platea dictumst. Etiam faucibus cursus urna. Ut tellus.
394,962,2020-10-16T04:52:29Z,446,10,44.07,"Morbi vel lectus in quam fringilla rhoncus. Mauris enim leo, rhoncus sed, vestibulum sit amet, cursus id, turpis. Integer aliquet, massa id lobortis convallis, tortor risus dapibus augue, vel accumsan tellus nisi eu orci."
395,891,2021-02-10T02:04:21Z,348,6,61.07,Proin at turpis a pede posuere nonummy.
396,589,2020-10-19T05:47:24Z,686,8,55.65,
397,736,2020-10-24T20:00:19Z,215,8,21.17,Integer a nibh. In quis justo.
398,,2020-10-07T02:00:06Z,775,1,55.84,"Morbi vel lectus in quam fringilla rhoncus. Mauris enim leo, rhoncus sed, vestibulum sit amet, cursus id, turpis."
399,924,2021-02-20T04:31:13Z,82,8,27.68,
400,888,2021-08-09T20:51:06Z,727,9,82.03,Etiam justo.
401,96,2021-01-28T11:58:12Z,838,2,70.44,In hac habitasse platea dictumst. Maecenas ut massa quis augue luctus tincidunt.
402,526,2020-09-16T20:01:59Z,997,5,72.56,"Proin leo odio, porttitor id, consequat in, consequat ut, nulla."
403,656,2020-10-15T14:00:03Z,514,7,15.43,
404,837,2020-09-26T08:36:09Z,212,3,93.77,Maecenas pulvinar lobortis est. Phasellus sit amet erat.
405,487,2021-08-05T10:06:55Z,333,10,94.17,Nulla justo. Aliquam quis turpis eget elit sodales scelerisque. Mauris sit amet eros.
406,963,2020-12-09T18:55:54Z,750,5,14.56,Phasellus in felis. Donec semper sapien a libero.
407,757,2021-01-09T17:23:01Z,485,6,88.81,
408,730,2021-07-28T10:35:38Z,368,10,79.99,
409,751,2020-10-04T07:08:07Z,807,7,52.04,"Maecenas leo odio, condimentum id, luctus nec, molestie sed, justo."
410,317,2020-10-26T17:35:46Z,789,1,55.73,Phasellus in felis.
411,282,2021-02-24T19:29:58Z,763,2,39.91,Aenean fermentum. Donec ut mauris eget massa tempor convallis.
412,78,2020-11-15T08:37:43Z,48,3,35.11,Suspendisse potenti. In eleifend quam a odio. In hac habitasse platea dictumst.
413,955,2020-12-12T13:44:52Z,47,8,85.12,Phasellus in felis. Donec semper sapien a libero. Nam dui.
414,628,2020-11-05T11:31:22Z,682,7,61.28,"Fusce posuere felis sed lacus. Morbi sem mauris, laoreet ut, rhoncus aliquet, pulvinar sed, nisl."
415,879,2021-07-10T00:04:11Z,705,3,60.18,
416,121,2020-10-04T10:10:34Z,17,8,22.97,
417,856,2020-09-21T02:28:43Z,548,8,29.92,
418,6,2021-06-17T08:44:38Z,362,5,99.99,
419,635,2021-03-14T13:05:06Z,838,1,15.28,"Quisque arcu libero, rutrum ac, lobortis vel, dapibus at, diam."
420,931,2020-10-23T02:34:16Z,233,6,83.8,In hac habitasse platea dictumst. Maecenas ut massa quis augue luctus tincidunt. Nulla mollis molestie lorem.
421,531,2020-08-29T11:17:18Z,564,10,81.52,Nullam sit amet turpis elementum ligula vehicula consequat. Morbi a ipsum. Integer a nibh.
422,644,2020-12-09T14:56:41Z,199,1,30.09,
423,536,2021-05-02T11:41:36Z,953,5,56.54,Suspendisse potenti.
424,97,2020-10-04T20:25:27Z,278,5,45.32,Nulla justo.
425,538,2021-03-22T17:23:43Z,911,3,36.94,
426,570,2021-02-16T00:43:04Z,408,6,95.1,Phasellus sit amet erat. Nulla tempus.
427,836,2021-03-19T12:09:24Z,296,7,25.5,"Morbi porttitor lorem id ligula. Suspendisse ornare consequat lectus. In est risus, auctor sed, tristique in, tempus sit amet, sem."
428,322,2021-02-23T22:41:36Z,796,,77.04,
429,215,2021-07-16T21:18:01Z,726,6,29.21,
430,827,2020-10-30T18:11:24Z,69,10,33.95,"Sed sagittis. Nam congue, risus semper porta volutpat, quam pede lobortis ligula, sit amet eleifend pede libero quis orci. Nullam molestie nibh in lectus."
431,605,2020-09-21T16:10:12Z,754,8,27.71,Nulla suscipit ligula in lacus. Curabitur at ipsum ac tellus semper interdum.
432,858,2021-05-31T03:12:52Z,156,9,45.91,Nulla tellus.
433,690,2021-05-01T17:00:33Z,1000,3,85.28,"Suspendisse potenti. Cras in purus eu magna vulputate luctus. Cum sociis natoque penatibus et magnis dis parturient montes, nascetur ridiculus mus."
434,982,2020-10-21T06:07:03Z,783,10,60.95,"Duis at velit eu est congue elementum. In hac habitasse platea dictumst. Morbi vestibulum, velit id pretium iaculis, diam erat fermentum justo, nec condimentum neque sapien placerat ante."
435,579,2020-11-19T03:54:26Z,586,1,50.41,Suspendisse potenti. Nullam porttitor lacus at turpis.
436,67,2021-01-19T18:00:06Z,526,8,88.1,"Nullam orci pede, venenatis non, sodales sed, tincidunt eu, felis."
437,292,2021-01-01T12:49:23Z,80,2,81.75,Sed vel enim sit amet nunc viverra dapibus. Nulla suscipit ligula in lacus. Curabitur at ipsum ac tellus semper interdum.
438,679,2020-10-28T00:32:37Z,448,3,71.32,"Lorem ipsum dolor sit amet, consectetuer adipiscing elit."
439,846,2020-09-25T17:25:28Z,51,2,32.1,
440,472,2020-12-18T01:04:59Z,663,1,95.01,Curabitur convallis.
441,641,2020-10-17T07:02:43Z,585,5,99.15,"Maecenas leo odio, condimentum id, luctus nec, molestie sed, justo. Pellentesque viverra pede ac diam. Cras pellentesque volutpat dui."
442,728,2021-01-04T00:08:27Z,451,6,49.97,Integer tincidunt ante vel ipsum.
443,413,2021-01-24T22:47:22Z,532,9,91.98,
444,251,2020-11-06T10:36:25Z,616,5,48.5,Pellentesque at nulla. Suspendisse potenti. Cras in purus eu magna vulputate luctus.
445,893,2021-06-10T21:26:28Z,209,4,37.33,
446,808,2021-06-25T17:18:53Z,577,9,40.3,"Nam congue, risus semper porta volutpat, quam pede lobortis ligula, sit amet eleifend pede libero quis orci. Nullam molestie nibh in lectus. Pellentesque at nulla."
447,255,2021-02-08T04:39:03Z,191,5,25.99,"Quisque erat eros, viverra eget, congue eget, semper rutrum, nulla."
448,69,2020-09-10T15:10:18Z,374,10,62.31,"Praesent lectus. Vestibulum quam sapien, varius ut, blandit non, interdum in, ante. Vestibulum ante ipsum primis in faucibus orci luctus et ultrices posuere cubilia Curae; Duis faucibus accumsan odio."
449,278,2020-11-24T12:18:30Z,52,7,69.59,Duis bibendum.
450,312,2021-05-13T01:07:31Z,697,10,53.6,"Lorem ipsum dolor sit amet, consectetuer adipiscing elit."
451,678,2021-06-07T22:42:17Z,7,7,33.36,Morbi a ipsum.
452,214,2021-05-10T14:04:48Z,736,10,87.73,
453,88,2020-09-27T15:23:12Z,275,10,27.29,Proin interdum mauris non ligula pellentesque ultrices.
454,213,2020-10-25T04:48:45Z,113,2,39.05,Duis consequat dui nec nisi volutpat eleifend. Donec ut dolor.
455,885,2020-09-29T07:20:05Z,150,8,68.8,Aliquam non mauris. Morbi non lectus. Aliquam sit amet diam in magna bibendum imperdiet.
456,486,2021-07-29T12:06:39Z,204,1,44.06,
457,,2021-01-16T17:32:01Z,273,2,10.09,"Integer pede justo, lacinia eget, tincidunt eget, tempus vel, pede. Morbi porttitor lorem id ligula."
458,448,2020-11-06T11:30:12Z,290,9,97.87,
459,565,2021-06-06T03:14:33Z,58,1,11.06,In eleifend quam a odio.
460,92,2020-11-15T09:54:23Z,436,7,94.11,In quis justo. Maecenas rhoncus aliquam lacus.
461,465,2021-03-13T16:43:47Z,73,2,35.56,Maecenas tincidunt lacus at velit. Vivamus vel nulla eget eros elementum pellentesque. Quisque porta volutpat erat.
462,,2021-04-20T13:24:55Z,904,1,38.85,Morbi a ipsum. Integer a nibh.
463,117,2021-07-31T10:23:11Z,205,6,17.75,"Vestibulum ante ipsum primis in faucibus orci luctus et ultrices posuere cubilia Curae; Nulla dapibus dolor vel est. Donec odio justo, sollicitudin ut, suscipit a, feugiat et, eros. Vestibulum ac est lacinia nisi venenatis tristique."
464,924,2021-01-23T02:36:10Z,151,3,70.37,
465,637,2020-10-13T22:31:44Z,343,7,21.07,Phasellus sit amet erat.
466,943,2021-03-24T19:27:25Z,188,1,81.28,
467,358,2020-12-02T02:09:06Z,641,3,53.89,
468,895,2020-12-11T02:29:01Z,199,1,55.14,"Integer pede justo, lacinia eget, tincidunt eget, tempus vel, pede. Morbi porttitor lorem id ligula."
469,263,2020-08-24T13:38:57Z,107,1,90.86,
470,712,2021-05-27T13:55:59Z,891,5,61.49,Curabitur convallis.
471,735,2021-07-03T00:29:56Z,967,2,14.09,Praesent id massa id nisl venenatis lacinia. Aenean sit amet justo. Morbi ut odio.
472,759,2021-03-19T06:10:08Z,251,1,94.72,Nullam varius. Nulla facilisi. Cras non velit nec nisi vulputate nonummy.
473,580,2020-10-29T10:02:34Z,233,2,38.93,Pellentesque eget nunc.
474,87,2021-01-05T13:51:40Z,77,6,84.1,Pellentesque viverra pede ac diam.
475,155,2021-02-24T07:47:10Z,609,6,63.69,
476,601,2021-05-15T10:39:56Z,143,5,92.65,
477,960,2021-08-01T19:51:24Z,360,1,59.4,"Sed sagittis. Nam congue, risus semper porta volutpat, quam pede lobortis ligula, sit amet eleifend pede libero quis orci."
478,398,2021-01-02T21:05:23Z,630,8,39.22,"Integer pede justo, lacinia eget, tincidunt eget, tempus vel, pede. Morbi porttitor lorem id ligula. Suspendisse ornare consequat lectus."
479,145,2020-09-14T06:07:22Z,639,6,52.88,"In hac habitasse platea dictumst. Morbi vestibulum, velit id pretium iaculis, diam erat fermentum justo, nec condimentum neque sapien placerat ante."
480,643,2021-05-28T08:17:30Z,62,6,53.15,
481,446,2021-03-20T09:49:11Z,690,8,96.43,In eleifend quam a odio. In hac habitasse platea dictumst.
482,742,2021-06-18T16:01:23Z,903,9,49.18,Aenean sit amet justo.
483,49,2020-10-07T06:59:29Z,915,4,76.8,
484,826,2021-05-26T01:08:11Z,829,3,50.89,Proin interdum mauris non ligula pellentesque ultrices. Phasellus id sapien in sapien iaculis congue.
485,631,2020-12-13T19:49:45Z,107,1,38.55,"Cras mi pede, malesuada in, imperdiet et, commodo vulputate, justo. In blandit ultrices enim. Lorem ipsum dolor sit amet, consectetuer adipiscing elit."
486,570,2020-11-16T05:59:43Z,157,3,17.82,"Nullam orci pede, venenatis non, sodales sed, tincidunt eu, felis."
487,62,2020-10-23T03:21:54Z,794,10,13.89,"In blandit ultrices enim. Lorem ipsum dolor sit amet, consectetuer adipiscing elit."
488,408,2020-09-24T20:14:39Z,12,3,42.62,
489,,2020-10-05T06:32:50Z,631,4,69.44,Nulla suscipit ligula in lacus. Curabitur at ipsum ac tellus semper interdum.
490,263,2020-12-22T06:41:42Z,345,1,30.94,
491,900,2021-04-12T22:57:39Z,381,9,78.55,In sagittis dui vel nisl.
492,209,2021-02-05T21:04:14Z,553,5,11.46,Pellentesque eget nunc. Donec quis orci eget orci vehicula condimentum. Curabitur in libero ut massa volutpat convallis.
493,,2021-04-19T19:13:51Z,270,3,25.1,Pellentesque viverra pede ac diam.
494,31,2021-02-24T03:20:33Z,25,8,16.07,Donec quis orci eget orci vehicula condimentum. Curabitur in libero ut massa volutpat convallis.
495,629,2020-11-01T06:24:49Z,920,8,31.14,
496,69,2020-08-26T23:00:26Z,596,5,35.4,Nulla tellus.
497,336,2021-05-16T22:12:26Z,955,3,42.21,Morbi a ipsum.
498,299,2021-05-15T09:59:31Z,675,7,21.19,Morbi a ipsum. Integer a nibh.
499,636,2021-08-05T18:10:42Z,824,8,18.98,Sed accumsan felis. Ut at dolor quis odio consequat varius. Integer ac leo.
500,926,2020-08-22T22:41:49Z,257,7,32.52,Nulla tellus. In sagittis dui vel nisl.
501,247,2021-06-21T08:46:41Z,236,8,97.0,
502,30,2021-07-17T16:06:05Z,532,5,52.14,"In tempor, turpis nec euismod scelerisque, quam turpis adipiscing lorem, vitae mattis nibh ligula nec sem. Duis aliquam convallis nunc."
503,475,2021-02-02T07:35:20Z,70,10,56.36,
504,736,2021-03-11T15:50:09Z,370,5,49.44,
505,430,2021-06-06T01:22:55Z,744,3,32.36,"In est risus, auctor sed, tristique in, tempus sit amet, sem. Fusce consequat. Nulla nisl."
506,205,2021-01-31T06:54:30Z,580,2,41.55,Aliquam sit amet diam in magna bibendum imperdiet.
507,893,2020-08-22T06:47:19Z,442,1,66.29,
508,706,2020-11-12T20:25:36Z,820,1,19.61,
509,966,2021-06-22T15:47:38Z,417,7,62.14,Vestibulum rutrum rutrum neque. Aenean auctor gravida sem. Praesent id massa id nisl venenatis lacinia.
510,399,2020-09-30T21:12:04Z,454,2,72.64,Integer ac neque.
511,696,2021-07-13T17:24:34Z,868,3,96.58,Etiam faucibus cursus urna.
512,381,2020-09-10T22:48:03Z,107,9,79.8,"Nullam orci pede, venenatis non, sodales sed, tincidunt eu, felis. Fusce posuere felis sed lacus. Morbi sem mauris, laoreet ut, rhoncus aliquet, pulvinar sed, nisl."
513,118,2021-04-17T20:21:47Z,24,6,32.75,
514,933,2021-07-19T04:02:25Z,940,10,74.6,
515,317,2021-02-26T08:20:43Z,439,9,95.25,"Vestibulum ac est lacinia nisi venenatis tristique. Fusce congue, diam id ornare imperdiet, sapien urna pretium nisl, ut volutpat sapien arcu sed augue."
516,91,2021-07-29T13:36:59Z,595,5,95.7,
517,459,2021-03-16T03:09:13Z,297,2,35.53,"Nam ultrices, libero non mattis pulvinar, nulla pede ullamcorper augue, a suscipit nulla elit ac nulla."
518,912,2021-08-05T22:28:47Z,711,9,72.78,Duis mattis egestas metus. Aenean fermentum. Donec ut mauris eget massa tempor convallis.
519,510,2020-11-21T18:14:56Z,819,9,56.81,Pellentesque at nulla. Suspendisse potenti. Cras in purus eu magna vulputate luctus.
520,959,2021-06-21T18:46:53Z,724,6,65.54,Mauris lacinia sapien quis libero. Nullam sit amet turpis elementum ligula vehicula consequat.
521,,2021-01-23T21:18:38Z,938,5,24.76,In quis justo. Maecenas rhoncus aliquam lacus.
522,58,2020-10-06T11:33:09Z,391,3,46.66,Morbi a ipsum. Integer a nibh.
523,348,2021-02-28T06:16:23Z,325,4,12.03,Morbi porttitor lorem id ligula. Suspendisse ornare consequat lectus.
524,804,2021-01-01T21:44:03Z,647,9,85.93,
525,520,2020-11-21T13:53:06Z,679,3,15.23,Morbi a ipsum. Integer a nibh. In quis justo.
526,897,2021-03-07T14:11:31Z,926,3,45.32,
527,671,2020-10-29T07:04:33Z,429,5,56.23,"Curabitur gravida nisi at nibh. In hac habitasse platea dictumst. Aliquam augue quam, sollicitudin vitae, consectetuer eget, rutrum at, lorem."
528,565,2020-10-05T22:30:47Z,365,7,80.35,Cras non velit nec nisi vulputate nonummy.
529,160,2020-08-29T00:00:30Z,142,6,72.91,In hac habitasse platea dictumst.
530,242,2021-02-05T04:55:18Z,674,7,98.74,Pellentesque eget nunc.
531,391,2021-01-13T17:09:41Z,391,1,38.44,
532,163,2020-09-24T01:44:12Z,69,9,87.35,
533,961,2020-10-11T21:54:26Z,505,6,98.09,"Fusce posuere felis sed lacus. Morbi sem mauris, laoreet ut, rhoncus aliquet, pulvinar sed, nisl."
534,772,2021-05-29T10:02:54Z,954,7,10.5,Integer a nibh. In quis justo.
535,271,2021-05-17T20:38:38Z,337,6,10.22,Quisque id justo sit amet sapien dignissim vestibulum. Vestibulum ante ipsum primis in faucibus orci luctus et ultrices posuere cubilia Curae; Nulla dapibus dolor vel est.
536,885,2021-01-03T05:22:05Z,34,9,92.13,Suspendisse accumsan tortor quis turpis. Sed ante.
537,207,2020-09-21T20:24:39Z,819,7,65.21,
538,321,2020-11-06T04:59:56Z,862,2,47.59,"Mauris enim leo, rhoncus sed, vestibulum sit amet, cursus id, turpis. Integer aliquet, massa id lobortis convallis, tortor risus dapibus augue, vel accumsan tellus nisi eu orci. Mauris lacinia sapien quis libero."
539,711,2021-03-03T05:26:47Z,743,10,24.22,Etiam faucibus cursus urna. Ut tellus.
540,498,2021-01-21T16:01:59Z,195,1,16.08,
541,442,2020-10-03T16:04:05Z,113,10,95.42,
542,716,2021-03-14T03:30:03Z,102,3,25.74,Pellentesque at nulla. Suspendisse potenti.
543,121,2020-11-10T01:27:23Z,731,9,43.64,"Nam ultrices, libero non mattis pulvinar, nulla pede ullamcorper augue, a suscipit nulla elit ac nulla."
544,359,2021-01-28T03:41:24Z,763,4,41.61,"Vestibulum ante ipsum primis in faucibus orci luctus et ultrices posuere cubilia Curae; Nulla dapibus dolor vel est. Donec odio justo, sollicitudin ut, suscipit a, feugiat et, eros. Vestibulum ac est lacinia nisi venenatis tristique."
545,931,2021-04-15T03:44:32Z,898,10,49.83,Nam nulla.
546,69,2021-04-28T03:04:59Z,900,6,11.48,Pellentesque ultrices mattis odio. Donec vitae nisi.
547,922,2021-03-13T11:43:59Z,862,9,74.43,"Maecenas tristique, est et tempus semper, est quam pharetra magna, ac consequat metus sapien ut nunc."
548,907,2021-03-13T21:26:44Z,358,5,18.78,
549,894,2020-09-08T18:50:56Z,907,10,98.94,
550,59,2021-05-22T06:30:20Z,660,3,55.51,
551,574,2021-04-22T13:56:04Z,252,9,49.09,
552,482,2020-11-01T04:18:59Z,334,2,38.7,"Nulla neque libero, convallis eget, eleifend luctus, ultricies eu, nibh. Quisque id justo sit amet sapien dignissim vestibulum."
553,595,2020-12-08T05:02:58Z,726,2,58.39,Nulla facilisi. Cras non velit nec nisi vulputate nonummy.
554,339,2020-12-06T16:49:45Z,457,3,28.53,"Nam nulla. Integer pede justo, lacinia eget, tincidunt eget, tempus vel, pede. Morbi porttitor lorem id ligula."
555,4,2021-03-31T05:12:24Z,88,6,43.88,"Lorem ipsum dolor sit amet, consectetuer adipiscing elit. Proin interdum mauris non ligula pellentesque ultrices."
556,486,2021-06-03T07:11:04Z,672,1,94.11,"Nulla ac enim. In tempor, turpis nec euismod scelerisque, quam turpis adipiscing lorem, vitae mattis nibh ligula nec sem."
557,446,2021-05-05T06:47:43Z,365,3,51.52,Phasellus sit amet erat. Nulla tempus.
558,854,2021-03-26T06:43:19Z,824,9,27.55,
559,779,2021-03-22T00:23:26Z,790,8,53.3,"Integer aliquet, massa id lobortis convallis, tortor risus dapibus augue, vel accumsan tellus nisi eu orci. Mauris lacinia sapien quis libero."
560,968,2020-12-21T09:58:32Z,610,3,65.31,"Nam congue, risus semper porta volutpat, quam pede lobortis ligula, sit amet eleifend pede libero quis orci. Nullam molestie nibh in lectus."
561,835,2020-08-30T03:01:46Z,550,2,64.81,
562,781,2020-12-11T09:08:31Z,464,8,81.19,Etiam pretium iaculis justo. In hac habitasse platea dictumst.
563,458,2020-11-06T09:14:06Z,991,5,99.42,Etiam justo. Etiam pretium iaculis justo.
564,6,2021-02-18T17:20:11Z,341,3,58.88,Aliquam non mauris.
565,843,2020-09-25T05:49:44Z,463,6,96.71,
566,730,2021-03-13T11:26:04Z,337,1,77.05,Nullam sit amet turpis elementum ligula vehicula consequat. Morbi a ipsum.
567,155,2021-08-11T02:03:24Z,919,5,24.84,"Vestibulum quam sapien, varius ut, blandit non, interdum in, ante. Vestibulum ante ipsum primis in faucibus orci luctus et ultrices posuere cubilia Curae; Duis faucibus accumsan odio."
568,753,2020-09-30T20:37:45Z,419,6,48.3,
569,112,2021-04-17T23:13:45Z,534,5,67.52,
570,655,2021-04-11T15:51:47Z,353,6,27.66,Suspendisse potenti. In eleifend quam a odio. In hac habitasse platea dictumst.
571,42,2021-02-21T12:32:19Z,311,9,95.31,
572,955,2021-05-13T10:26:01Z,114,5,94.79,"Fusce congue, diam id ornare imperdiet, sapien urna pretium nisl, ut volutpat sapien arcu sed augue. Aliquam erat volutpat. In congue."
573,577,2021-05-03T17:22:06Z,201,2,66.07,Aliquam quis turpis eget elit sodales scelerisque. Mauris sit amet eros. Suspendisse accumsan tortor quis turpis.
574,188,2021-02-12T14:47:48Z,824,3,42.74,Suspendisse potenti.
575,840,2020-10-22T17:48:55Z,478,9,43.68,"Maecenas tristique, est et tempus semper, est quam pharetra magna, ac consequat metus sapien ut nunc. Vestibulum ante ipsum primis in faucibus orci luctus et ultrices posuere cubilia Curae; Mauris viverra diam vitae quam. Suspendisse potenti."
576,,2021-01-28T13:04:22Z,955,5,19.76,
577,877,2020-10-28T06:40:18Z,131,5,43.51,In eleifend quam a odio. In hac habitasse platea dictumst.
578,154,2021-01-04T02:06:18Z,167,8,41.69,Etiam faucibus cursus urna. Ut tellus. Nulla ut erat id mauris vulputate elementum.
579,685,2021-07-17T07:03:40Z,175,4,38.11,Sed vel enim sit amet nunc viverra dapibus. Nulla suscipit ligula in lacus. Curabitur at ipsum ac tellus semper interdum.
580,897,2021-02-15T04:53:52Z,440,10,21.41,Aliquam quis turpis eget elit sodales scelerisque.
581,595,2020-10-12T01:23:49Z,198,5,61.79,
582,547,2020-10-20T10:58:57Z,757,6,16.81,Curabitur gravida nisi at nibh.
583,84,2021-06-24T00:47:52Z,150,9,79.52,"Donec semper sapien a libero. Nam dui. Proin leo odio, porttitor id, consequat in, consequat ut, nulla."
584,813,2021-01-24T11:35:56Z,962,4,19.7,"In sagittis dui vel nisl. Duis ac nibh. Fusce lacus purus, aliquet at, feugiat non, pretium quis, lectus."
585,380,2020-09-20T04:03:31Z,768,8,67.66,"Donec ut mauris eget massa tempor convallis. Nulla neque libero, convallis eget, eleifend luctus, ultricies eu, nibh. Quisque id justo sit amet sapien dignissim vestibulum."
586,417,2021-03-01T07:49:22Z,36,6,54.66,Quisque id justo sit amet sapien dignissim vestibulum.
587,123,2021-03-06T09:31:39Z,371,10,98.43,"Cum sociis natoque penatibus et magnis dis parturient montes, nascetur ridiculus mus. Etiam vel augue."
588,74,2021-05-02T00:06:32Z,989,3,53.52,"Morbi vel lectus in quam fringilla rhoncus. Mauris enim leo, rhoncus sed, vestibulum sit amet, cursus id, turpis. Integer aliquet, massa id lobortis convallis, tortor risus dapibus augue, vel accumsan tellus nisi eu orci."
589,261,2020-12-31T08:55:24Z,713,1,13.61,In hac habitasse platea dictumst. Maecenas ut massa quis augue luctus tincidunt. Nulla mollis molestie lorem.
590,281,2020-09-16T07:54:44Z,904,6,21.3,
591,78,2021-04-03T04:57:23Z,747,1,55.46,Duis bibendum. Morbi non quam nec dui luctus rutrum. Nulla tellus.
592,555,2020-11-17T15:40:26Z,790,10,89.57,Sed vel enim sit amet nunc viverra dapibus. Nulla suscipit ligula in lacus. Curabitur at ipsum ac tellus semper interdum.
593,772,2021-05-08T13:15:01Z,343,6,22.1,
594,342,2021-03-09T08:14:57Z,745,8,45.74,
595,34,2020-11-08T07:47:39Z,611,1,38.94,Ut at dolor quis odio consequat varius.
596,582,2021-06-03T12:12:37Z,860,8,85.58,
597,591,2020-09-18T13:42:47Z,122,5,47.27,
598,991,2020-10-04T19:30:32Z,930,10,92.84,Suspendisse potenti. In eleifend quam a odio.
599,853,2021-08-04T11:16:03Z,621,8,46.11,"Donec odio justo, sollicitudin ut, suscipit a, feugiat et, eros. Vestibulum ac est lacinia nisi venenatis tristique."
600,653,2020-10-16T10:32:26Z,870,6,81.1,Quisque id justo sit amet sapien dignissim vestibulum. Vestibulum ante ipsum primis in faucibus orci luctus et ultrices posuere cubilia Curae; Nulla dapibus dolor vel est.
601,643,2021-04-02T05:23:45Z,751,8,44.92,
602,794,2021-03-08T01:14:58Z,737,7,24.95,
603,787,2020-11-19T04:47:02Z,565,8,99.28,
604,107,2021-03-16T17:38:46Z,22,9,16.64,
605,814,2020-11-07T07:17:28Z,444,2,12.45,Nunc purus. Phasellus in felis. Donec semper sapien a libero.
606,,2021-03-15T05:23:40Z,891,10,48.81,"Nulla ac enim. In tempor, turpis nec euismod scelerisque, quam turpis adipiscing lorem, vitae mattis nibh ligula nec sem."
607,664,2020-12-17T11:09:06Z,906,7,99.2,Phasellus sit amet erat.
608,273,2021-05-26T03:45:48Z,135,4,51.69,Phasellus in felis.
609,418,2021-05-06T02:46:32Z,336,6,34.63,"Morbi odio odio, elementum eu, interdum eu, tincidunt in, leo. Maecenas pulvinar lobortis est. Phasellus sit amet erat."
610,317,2020-11-02T18:57:54Z,143,2,73.13,
611,277,2021-03-27T04:59:06Z,537,8,76.03,
612,375,2020-10-08T17:17:38Z,896,6,81.39,"Nullam orci pede, venenatis non, sodales sed, tincidunt eu, felis."
613,305,2021-05-26T20:26:54Z,17,1,91.27,
614,637,2021-05-20T15:13:16Z,777,4,72.01,Nunc rhoncus dui vel sem.
615,277,2021-04-08T08:57:30Z,897,1,94.69,
616,284,2021-01-16T16:30:08Z,679,4,32.0,Nunc purus. Phasellus in felis.
617,474,2020-08-21T15:07:22Z,871,9,20.67,Maecenas pulvinar lobortis est. Phasellus sit amet erat.
618,819,2020-09-20T12:44:05Z,425,3,14.84,Quisque porta volutpat erat.
619,104,2020-08-23T06:14:46Z,975,6,68.66,Integer ac leo. Pellentesque ultrices mattis odio.
620,649,2020-12-23T21:28:53Z,152,10,21.66,"In est risus, auctor sed, tristique in, tempus sit amet, sem. Fusce consequat. Nulla nisl."
621,728,2021-05-09T03:48:07Z,666,6,32.24,
622,749,2021-05-24T10:35:45Z,734,1,88.6,"Mauris enim leo, rhoncus sed, vestibulum sit amet, cursus id, turpis. Integer aliquet, massa id lobortis convallis, tortor risus dapibus augue, vel accumsan tellus nisi eu orci. Mauris lacinia sapien quis libero."
623,619,2021-01-28T01:46:02Z,422,7,86.37,Duis consequat dui nec nisi volutpat eleifend.
624,359,2021-04-12T20:43:00Z,473,8,93.45,
625,620,2021-06-03T09:03:07Z,719,4,45.46,
626,789,2021-07-01T11:21:40Z,736,9,28.15,Duis consequat dui nec nisi volutpat eleifend. Donec ut dolor. Morbi vel lectus in quam fringilla rhoncus.
627,343,2021-05-29T12:44:43Z,402,7,99.13,
628,839,2020-11-08T10:02:52Z,221,10,28.09,"Donec ut dolor. Morbi vel lectus in quam fringilla rhoncus. Mauris enim leo, rhoncus sed, vestibulum sit amet, cursus id, turpis."
629,537,2020-09-16T09:39:46Z,684,9,85.55,Pellentesque eget nunc.
630,876,2021-02-13T04:08:38Z,255,1,64.11,Aenean fermentum.
631,961,2020-12-12T14:47:10Z,908,8,94.26,
632,792,2020-11-24T02:04:33Z,348,6,21.17,"Fusce lacus purus, aliquet at, feugiat non, pretium quis, lectus."
633,886,2021-08-10T02:46:28Z,411,9,13.42,Sed accumsan felis. Ut at dolor quis odio consequat varius. Integer ac leo.
634,916,2020-09-23T15:14:00Z,820,1,22.32,
635,991,2021-07-15T06:31:08Z,561,2,16.89,"Nunc nisl. Duis bibendum, felis sed interdum venenatis, turpis enim blandit mi, in porttitor pede justo eu massa. Donec dapibus."
636,590,2020-11-13T03:48:04Z,775,5,17.31,Duis bibendum. Morbi non quam nec dui luctus rutrum.
637,288,2021-05-01T12:41:44Z,236,4,67.47,Suspendisse ornare consequat lectus.
638,10,2020-08-30T21:02:49Z,141,6,76.95,
639,348,2021-02-20T08:05:15Z,47,4,94.09,
640,218,2020-11-09T11:53:27Z,691,8,73.92,Sed vel enim sit amet nunc viverra dapibus. Nulla suscipit ligula in lacus. Curabitur at ipsum ac tellus semper interdum.
641,229,2021-01-06T14:59:07Z,800,5,44.85,
642,793,2021-07-17T11:08:07Z,338,2,18.77,
643,385,2020-08-24T10:03:25Z,285,7,82.61,Ut tellus.
644,784,2020-10-30T14:31:58Z,854,4,70.59,"Donec odio justo, sollicitudin ut, suscipit a, feugiat et, eros. Vestibulum ac est lacinia nisi venenatis tristique."
645,164,2021-01-27T09:18:59Z,38,7,39.08,
646,945,2021-07-01T08:07:26Z,758,10,11.22,Donec ut mauris eget massa tempor convallis.
647,271,2020-10-02T05:59:33Z,702,10,16.94,In hac habitasse platea dictumst. Maecenas ut massa quis augue luctus tincidunt. Nulla mollis molestie lorem.
648,253,2020-09-15T22:06:37Z,261,2,89.79,Vivamus vel nulla eget eros elementum pellentesque.
649,365,2021-06-04T12:07:11Z,274,,52.09,"Fusce lacus purus, aliquet at, feugiat non, pretium quis, lectus."
650,730,2021-02-14T00:10:25Z,706,8,41.3,"In est risus, auctor sed, tristique in, tempus sit amet, sem. Fusce consequat. Nulla nisl."
651,993,2021-07-12T06:14:49Z,435,6,79.55,
652,311,2020-12-17T23:38:16Z,520,2,90.83,
653,365,2021-05-20T22:48:12Z,659,8,76.75,Vestibulum ac est lacinia nisi venenatis tristique.
654,62,2021-06-11T17:07:09Z,398,6,93.55,"Morbi vel lectus in quam fringilla rhoncus. Mauris enim leo, rhoncus sed, vestibulum sit amet, cursus id, turpis."
655,672,2020-11-04T09:57:02Z,676,7,96.76,"Morbi odio odio, elementum eu, interdum eu, tincidunt in, leo."
656,584,2020-08-20T16:25:37Z,14,9,43.74,Nunc purus. Phasellus in felis.
657,585,2020-12-07T07:03:16Z,888,4,49.96,Nulla mollis molestie lorem.
658,992,2021-03-28T06:20:15Z,286,2,96.57,"Nulla ac enim. In tempor, turpis nec euismod scelerisque, quam turpis adipiscing lorem, vitae mattis nibh ligula nec sem. Duis aliquam convallis nunc."
659,383,2021-01-21T05:17:22Z,772,9,28.79,
660,357,2021-05-26T12:08:13Z,167,10,66.88,"Morbi sem mauris, laoreet ut, rhoncus aliquet, pulvinar sed, nisl."
661,273,2021-07-19T10:04:51Z,423,8,68.37,"Proin leo odio, porttitor id, consequat in, consequat ut, nulla. Sed accumsan felis. Ut at dolor quis odio consequat varius."
662,986,2021-04-15T14:56:13Z,814,6,44.24,"Pellentesque ultrices mattis odio. Donec vitae nisi. Nam ultrices, libero non mattis pulvinar, nulla pede ullamcorper augue, a suscipit nulla elit ac nulla."
663,267,2021-01-17T14:01:50Z,37,10,10.13,Nunc nisl.
664,724,2020-11-27T20:17:43Z,423,1,23.25,Nullam sit amet turpis elementum ligula vehicula consequat. Morbi a ipsum. Integer a nibh.
665,368,2021-05-06T04:44:02Z,171,2,52.88,Morbi non lectus.
666,377,2021-06-06T23:59:52Z,556,10,78.86,Ut at dolor quis odio consequat varius.
667,613,2021-04-04T05:21:16Z,252,9,31.96,"Curabitur in libero ut massa volutpat convallis. Morbi odio odio, elementum eu, interdum eu, tincidunt in, leo."
668,544,2021-07-17T03:22:00Z,111,10,22.97,"Nulla ac enim. In tempor, turpis nec euismod scelerisque, quam turpis adipiscing lorem, vitae mattis nibh ligula nec sem. Duis aliquam convallis nunc."
669,655,2021-07-01T22:03:59Z,576,5,29.86,
670,741,2021-02-10T07:44:37Z,8,8,60.5,Duis ac nibh.
671,345,2021-07-24T11:17:08Z,87,8,50.16,Phasellus sit amet erat. Nulla tempus.
672,166,2021-08-11T00:10:57Z,487,9,41.98,"Quisque erat eros, viverra eget, congue eget, semper rutrum, nulla. Nunc purus."
673,864,2021-04-23T13:09:47Z,276,6,34.57,
674,588,2021-05-01T18:00:59Z,30,7,83.38,Aenean sit amet justo. Morbi ut odio.
675,782,2021-07-09T05:03:22Z,866,10,83.89,Cras pellentesque volutpat dui.
676,74,2020-09-01T15:32:50Z,838,6,83.35,Donec dapibus.
677,692,2021-02-27T06:13:55Z,593,1,28.78,Vestibulum ante ipsum primis in faucibus orci luctus et ultrices posuere cubilia Curae; Mauris viverra diam vitae quam. Suspendisse potenti. Nullam porttitor lacus at turpis.
678,556,2020-12-21T09:16:42Z,287,2,31.92,"Morbi odio odio, elementum eu, interdum eu, tincidunt in, leo."
679,892,2021-07-12T23:45:07Z,194,7,32.45,Maecenas tincidunt lacus at velit. Vivamus vel nulla eget eros elementum pellentesque.
680,508,2021-02-02T19:21:17Z,103,8,42.03,"Proin leo odio, porttitor id, consequat in, consequat ut, nulla. Sed accumsan felis."
681,229,2020-09-27T18:01:07Z,900,1,97.5,
682,,2021-05-14T01:23:12Z,297,4,97.26,"Donec vitae nisi. Nam ultrices, libero non mattis pulvinar, nulla pede ullamcorper augue, a suscipit nulla elit ac nulla. Sed vel enim sit amet nunc viverra dapibus."
683,772,2021-03-23T00:21:23Z,496,1,93.35,Quisque ut erat. Curabitur gravida nisi at nibh. In hac habitasse platea dictumst.
684,566,2020-11-06T22:40:04Z,142,2,72.15,"In tempor, turpis nec euismod scelerisque, quam turpis adipiscing lorem, vitae mattis nibh ligula nec sem. Duis aliquam convallis nunc."
685,309,2021-06-18T17:03:10Z,396,4,89.87,Morbi vel lectus in quam fringilla rhoncus.
686,158,2021-07-23T17:41:26Z,682,1,44.88,
687,33,2021-05-15T10:30:16Z,488,7,99.81,"Cum sociis natoque penatibus et magnis dis parturient montes, nascetur ridiculus mus. Etiam vel augue."
688,901,2021-08-07T20:31:11Z,741,10,14.89,
689,650,2020-08-30T12:14:07Z,32,6,88.22,"Vivamus metus arcu, adipiscing molestie, hendrerit at, vulputate vitae, nisl. Aenean lectus. Pellentesque eget nunc."
690,49,2021-03-08T20:47:14Z,681,6,93.98,Quisque ut erat. Curabitur gravida nisi at nibh. In hac habitasse platea dictumst.
691,85,2021-07-10T01:04:58Z,928,1,39.59,
692,801,2020-10-25T22:13:02Z,347,,18.16,Phasellus id sapien in sapien iaculis congue.
693,210,2021-08-07T11:34:37Z,970,9,11.49,
694,813,2020-08-24T18:36:05Z,151,1,97.7,
695,395,2021-03-02T19:51:27Z,262,6,97.67,Quisque id justo sit amet sapien dignissim vestibulum. Vestibulum ante ipsum primis in faucibus orci luctus et ultrices posuere cubilia Curae; Nulla dapibus dolor vel est.
696,123,2020-11-13T09:18:41Z,750,4,58.04,"Donec diam neque, vestibulum eget, vulputate ut, ultrices vel, augue. Vestibulum ante ipsum primis in faucibus orci luctus et ultrices posuere cubilia Curae; Donec pharetra, magna vestibulum aliquet ultrices, erat tortor sollicitudin mi, sit amet lobortis sapien sapien non mi. Integer ac neque."
697,25,2021-04-02T10:34:33Z,555,2,74.02,"Morbi odio odio, elementum eu, interdum eu, tincidunt in, leo. Maecenas pulvinar lobortis est."
698,991,2021-03-15T03:20:05Z,404,8,73.21,"Curabitur in libero ut massa volutpat convallis. Morbi odio odio, elementum eu, interdum eu, tincidunt in, leo. Maecenas pulvinar lobortis est."
699,357,2021-07-14T11:23:38Z,330,10,60.76,Etiam vel augue.
700,,2020-12-11T03:36:05Z,133,1,31.32,Nulla mollis molestie lorem. Quisque ut erat.
701,932,2020-11-22T21:19:17Z,782,9,55.7,"Pellentesque viverra pede ac diam. Cras pellentesque volutpat dui. Maecenas tristique, est et tempus semper, est quam pharetra magna, ac consequat metus sapien ut nunc."
702,518,2021-03-02T03:40:26Z,233,7,71.63,
703,2,2020-12-19T17:56:15Z,703,9,99.12,"Morbi ut odio. Cras mi pede, malesuada in, imperdiet et, commodo vulputate, justo. In blandit ultrices enim."
704,347,2021-07-13T12:03:07Z,56,10,97.82,Suspendisse accumsan tortor quis turpis.
705,788,2020-09-07T16:21:18Z,566,3,43.09,Morbi porttitor lorem id ligula.
706,117,2021-06-11T11:24:21Z,554,8,56.8,Etiam faucibus cursus urna.
707,696,2021-06-13T23:59:18Z,422,5,78.93,
708,548,2020-09-04T21:33:49Z,397,4,48.46,Maecenas rhoncus aliquam lacus. Morbi quis tortor id nulla ultrices aliquet.
709,321,2020-12-23T21:50:01Z,755,10,60.31,
710,811,2021-06-26T19:22:50Z,435,1,65.1,Integer a nibh. In quis justo. Maecenas rhoncus aliquam lacus.
711,907,2020-10-08T14:05:14Z,488,1,62.36,"Vestibulum quam sapien, varius ut, blandit non, interdum in, ante."
712,860,2021-02-03T03:41:55Z,567,1,70.97,Pellentesque viverra pede ac diam. Cras pellentesque volutpat dui.
713,169,2020-11-29T20:25:40Z,678,2,39.31,Curabitur convallis.
714,577,2020-12-05T13:04:12Z,576,4,32.47,Donec dapibus. Duis at velit eu est congue elementum.
715,205,2021-07-30T08:13:41Z,612,7,21.17,Fusce consequat. Nulla nisl. Nunc nisl.
716,239,2021-03-20T07:56:35Z,282,8,14.5,"Vivamus metus arcu, adipiscing molestie, hendrerit at, vulputate vitae, nisl. Aenean lectus."
717,822,2020-11-01T04:37:31Z,503,4,96.68,In congue. Etiam justo.
718,28,2020-10-27T08:50:33Z,844,7,97.92,Morbi porttitor lorem id ligula.
719,952,2021-02-19T20:10:03Z,654,1,47.79,"Vestibulum quam sapien, varius ut, blandit non, interdum in, ante. Vestibulum ante ipsum primis in faucibus orci luctus et ultrices posuere cubilia Curae; Duis faucibus accumsan odio."
720,768,2020-10-07T12:41:52Z,166,3,74.66,Nulla ac enim.
721,918,2021-02-25T18:32:01Z,780,2,24.26,
722,243,2021-06-29T16:14:12Z,316,5,14.89,"Donec vitae nisi. Nam ultrices, libero non mattis pulvinar, nulla pede ullamcorper augue, a suscipit nulla elit ac nulla."
723,577,2021-03-02T07:45:56Z,584,8,43.72,Cras pellentesque volutpat dui.
724,586,2020-10-10T09:45:11Z,239,3,28.83,"Morbi odio odio, elementum eu, interdum eu, tincidunt in, leo."
725,303,2021-01-20T02:57:24Z,890,5,38.95,Duis aliquam convallis nunc. Proin at turpis a pede posuere nonummy. Integer non velit.
726,909,2020-10-10T12:29:15Z,510,2,93.83,"Aenean fermentum. Donec ut mauris eget massa tempor convallis. Nulla neque libero, convallis eget, eleifend luctus, ultricies eu, nibh."
727,315,2020-12-31T06:00:36Z,883,9,34.71,"Integer aliquet, massa id lobortis convallis, tortor risus dapibus augue, vel accumsan tellus nisi eu orci."
728,992,2021-04-09T21:12:41Z,345,9,27.05,Pellentesque eget nunc. Donec quis orci eget orci vehicula condimentum.
729,,2020-10-17T18:21:50Z,291,6,20.26,
730,951,2020-09-19T13:26:18Z,308,3,75.25,
731,558,2021-01-30T11:37:48Z,909,1,13.16,
732,357,2021-08-10T16:28:25Z,154,5,55.71,Nam tristique tortor eu pede.
733,326,2020-09-01T20:28:10Z,431,6,63.49,"Proin at turpis a pede posuere nonummy. Integer non velit. Donec diam neque, vestibulum eget, vulputate ut, ultrices vel, augue."
734,715,2021-08-12T08:17:01Z,41,10,85.88,Sed accumsan felis.
735,697,2020-12-14T03:51:37Z,178,2,16.68,"Morbi sem mauris, laoreet ut, rhoncus aliquet, pulvinar sed, nisl. Nunc rhoncus dui vel sem."
736,179,2020-10-27T01:17:04Z,400,10,32.42,Vivamus vel nulla eget eros elementum pellentesque.
737,901,2021-07-01T11:29:42Z,101,6,36.29,Etiam pretium iaculis justo. In hac habitasse platea dictumst.
738,765,2020-09-15T08:32:31Z,637,1,24.13,"Cras in purus eu magna vulputate luctus. Cum sociis natoque penatibus et magnis dis parturient montes, nascetur ridiculus mus."
739,960,2020-09-24T10:50:30Z,346,7,37.79,"Morbi vestibulum, velit id pretium iaculis, diam erat fermentum justo, nec condimentum neque sapien placerat ante. Nulla justo. Aliquam quis turpis eget elit sodales scelerisque."
740,966,2021-06-05T19:10:00Z,248,10,87.79,Suspendisse potenti. In eleifend quam a odio.
741,578,2021-07-26T11:40:06Z,119,3,15.29,Aliquam quis turpis eget elit sodales scelerisque. Mauris sit amet eros.
742,459,2021-07-14T23:33:55Z,513,3,42.17,"Aliquam sit amet diam in magna bibendum imperdiet. Nullam orci pede, venenatis non, sodales sed, tincidunt eu, felis."
743,802,2021-03-04T04:32:14Z,621,8,25.62,Maecenas tincidunt lacus at velit. Vivamus vel nulla eget eros elementum pellentesque.
744,587,2021-03-22T02:06:20Z,561,5,62.13,
745,732,2020-12-21T03:20:58Z,717,9,62.65,
746,478,2021-04-12T16:53:40Z,419,10,28.69,
747,404,2021-05-29T17:53:10Z,338,10,44.0,
748,850,2021-06-08T13:59:07Z,844,9,30.37,
749,755,2021-05-08T05:34:29Z,259,4,83.53,
750,362,2020-09-25T05:07:51Z,765,5,55.0,
751,67,2021-06-29T02:30:04Z,683,6,58.24,Nulla tempus. Vivamus in felis eu sapien cursus vestibulum.
752,731,2020-11-25T11:09:56Z,158,,65.52,"In est risus, auctor sed, tristique in, tempus sit amet, sem. Fusce consequat."
753,970,2020-11-26T03:31:43Z,874,1,94.0,Integer ac neque.
754,685,2021-07-25T15:39:07Z,348,1,37.59,"Mauris ullamcorper purus sit amet nulla. Quisque arcu libero, rutrum ac, lobortis vel, dapibus at, diam."
755,515,2021-04-29T01:51:10Z,499,3,77.59,Nulla mollis molestie lorem. Quisque ut erat.
756,266,2021-07-31T21:18:09Z,111,7,33.45,
757,388,2021-07-23T23:48:30Z,329,1,18.15,Etiam justo. Etiam pretium iaculis justo.
758,939,2020-08-25T10:40:52Z,852,6,29.08,Donec posuere metus vitae ipsum.
759,79,2021-08-02T18:07:49Z,786,7,67.28,Integer ac leo.
760,,2021-06-12T07:45:40Z,160,9,52.12,
761,,2021-04-01T07:44:46Z,65,2,61.46,
762,23,2020-11-28T06:08:21Z,960,4,27.93,
763,13,2021-05-29T16:11:06Z,226,3,17.87,
764,730,2020-12-30T05:35:21Z,727,6,70.16,"Duis ac nibh. Fusce lacus purus, aliquet at, feugiat non, pretium quis, lectus."
765,331,2021-07-07T19:00:48Z,329,7,54.93,
766,612,2020-12-27T04:26:27Z,181,1,74.32,Suspendisse potenti. Cras in purus eu magna vulputate luctus.
767,866,2021-02-12T03:22:03Z,137,7,28.42,"Nullam orci pede, venenatis non, sodales sed, tincidunt eu, felis."
768,449,2021-02-26T01:13:40Z,647,8,73.58,Fusce consequat. Nulla nisl.
769,58,2020-10-19T12:47:20Z,207,1,67.36,
770,811,2020-09-15T05:47:29Z,547,2,17.4,Aliquam sit amet diam in magna bibendum imperdiet.
771,482,2021-07-10T14:07:34Z,551,7,56.7,"Cras mi pede, malesuada in, imperdiet et, commodo vulputate, justo. In blandit ultrices enim."
772,314,2020-10-03T14:09:03Z,816,3,12.55,"Duis at velit eu est congue elementum. In hac habitasse platea dictumst. Morbi vestibulum, velit id pretium iaculis, diam erat fermentum justo, nec condimentum neque sapien placerat ante."
773,855,2021-05-18T11:55:16Z,183,4,86.66,
774,630,2021-01-21T05:54:40Z,524,3,21.64,"Sed sagittis. Nam congue, risus semper porta volutpat, quam pede lobortis ligula, sit amet eleifend pede libero quis orci. Nullam molestie nibh in lectus."
775,674,2020-11-23T21:10:40Z,946,4,86.42,"Donec diam neque, vestibulum eget, vulputate ut, ultrices vel, augue. Vestibulum ante ipsum primis in faucibus orci luctus et ultrices posuere cubilia Curae; Donec pharetra, magna vestibulum aliquet ultrices, erat tortor sollicitudin mi, sit amet lobortis sapien sapien non mi. Integer ac neque."
776,724,2021-07-30T17:55:07Z,607,9,17.26,
777,45,2021-04-26T07:56:17Z,5,8,47.68,Etiam faucibus cursus urna. Ut tellus.
778,620,2021-04-19T21:35:46Z,172,7,65.2,Morbi non lectus.
779,380,2020-12-06T16:46:46Z,816,3,17.24,
780,775,2021-01-01T23:32:27Z,945,5,55.51,"Integer non velit. Donec diam neque, vestibulum eget, vulputate ut, ultrices vel, augue."
781,760,2021-07-31T16:44:11Z,823,6,19.69,"Mauris enim leo, rhoncus sed, vestibulum sit amet, cursus id, turpis."
782,905,2021-07-18T01:22:43Z,814,7,11.26,Aenean auctor gravida sem.
783,60,2020-12-23T22:21:53Z,367,8,20.8,
784,722,2020-12-29T03:52:49Z,426,5,23.56,"Cum sociis natoque penatibus et magnis dis parturient montes, nascetur ridiculus mus."
785,110,2020-10-20T15:30:49Z,767,8,78.51,"Nam nulla. Integer pede justo, lacinia eget, tincidunt eget, tempus vel, pede. Morbi porttitor lorem id ligula."
786,299,2021-07-01T20:53:54Z,83,7,73.78,Vivamus tortor. Duis mattis egestas metus.
787,575,2020-11-29T23:37:53Z,393,10,38.65,Pellentesque viverra pede ac diam.
788,422,2021-08-15T13:53:53Z,891,3,61.9,
789,308,2020-09-16T22:59:26Z,931,2,41.18,"Morbi odio odio, elementum eu, interdum eu, tincidunt in, leo."
790,569,2021-02-23T21:49:23Z,744,6,17.04,"Proin leo odio, porttitor id, consequat in, consequat ut, nulla. Sed accumsan felis. Ut at dolor quis odio consequat varius."
791,455,2020-09-22T20:49:06Z,956,8,66.5,
792,736,2020-11-15T09:42:14Z,287,3,50.1,
793,742,2021-03-17T17:24:36Z,823,3,19.28,
794,3,2021-01-28T03:03:52Z,723,9,32.93,In congue.
795,,2021-07-23T17:22:58Z,541,1,47.47,In hac habitasse platea dictumst.
796,243,2021-05-23T22:32:28Z,97,1,19.11,
797,774,2021-07-11T04:54:27Z,157,10,26.68,
798,335,2020-09-11T19:40:12Z,149,3,14.95,Etiam justo. Etiam pretium iaculis justo.
799,372,2021-04-15T22:28:05Z,541,7,35.16,Ut at dolor quis odio consequat varius. Integer ac leo. Pellentesque ultrices mattis odio.
800,473,2020-12-05T00:03:11Z,30,3,61.94,Nulla nisl. Nunc nisl.
801,,2021-01-10T19:25:41Z,606,1,30.2,
802,805,2021-07-14T13:38:57Z,254,3,47.23,Morbi quis tortor id nulla ultrices aliquet.
803,442,2021-04-15T02:03:41Z,25,9,32.11,Etiam vel augue. Vestibulum rutrum rutrum neque. Aenean auctor gravida sem.
804,543,2021-05-14T00:08:56Z,725,7,43.74,Mauris ullamcorper purus sit amet nulla.
805,536,2021-08-12T05:56:33Z,633,3,81.79,"Integer aliquet, massa id lobortis convallis, tortor risus dapibus augue, vel accumsan tellus nisi eu orci. Mauris lacinia sapien quis libero."
806,110,2021-06-08T01:33:52Z,212,1,40.83,
807,184,2020-12-15T14:58:14Z,851,1,37.12,"Nulla neque libero, convallis eget, eleifend luctus, ultricies eu, nibh. Quisque id justo sit amet sapien dignissim vestibulum. Vestibulum ante ipsum primis in faucibus orci luctus et ultrices posuere cubilia Curae; Nulla dapibus dolor vel est."
808,366,2020-09-10T07:50:28Z,610,6,32.71,
809,139,2020-12-08T15:20:24Z,548,6,71.56,"Fusce congue, diam id ornare imperdiet, sapien urna pretium nisl, ut volutpat sapien arcu sed augue. Aliquam erat volutpat. In congue."
810,14,2020-08-31T07:40:16Z,160,6,10.28,"Proin eu mi. Nulla ac enim. In tempor, turpis nec euismod scelerisque, quam turpis adipiscing lorem, vitae mattis nibh ligula nec sem."
811,556,2020-11-15T23:23:32Z,310,3,44.44,Nulla nisl. Nunc nisl.
812,561,2021-05-25T07:17:27Z,152,10,18.68,Proin eu mi.
813,980,2021-04-02T12:24:39Z,262,2,37.68,"Duis bibendum, felis sed interdum venenatis, turpis enim blandit mi, in porttitor pede justo eu massa. Donec dapibus."
814,960,2020-08-21T12:58:28Z,548,6,98.18,Phasellus in felis. Donec semper sapien a libero. Nam dui.
815,635,2021-08-13T03:51:37Z,977,2,54.8,Pellentesque at nulla. Suspendisse potenti.
816,99,2020-09-21T04:10:19Z,307,4,42.77,
817,894,2021-01-17T17:24:11Z,128,2,60.31,Vivamus in felis eu sapien cursus vestibulum. Proin eu mi. Nulla ac enim.
818,592,2021-05-11T04:43:20Z,716,8,96.98,
819,74,2021-08-13T23:17:41Z,411,1,29.01,"Quisque arcu libero, rutrum ac, lobortis vel, dapibus at, diam."
820,646,2020-10-15T09:53:39Z,944,8,83.03,
821,495,2021-03-13T12:18:28Z,692,1,32.79,"In tempor, turpis nec euismod scelerisque, quam turpis adipiscing lorem, vitae mattis nibh ligula nec sem. Duis aliquam convallis nunc."
822,549,2021-04-09T07:06:59Z,50,8,72.0,Donec dapibus. Duis at velit eu est congue elementum.
823,369,2021-03-09T17:29:45Z,176,6,14.86,
824,392,2021-08-06T02:52:51Z,868,6,49.33,"Donec diam neque, vestibulum eget, vulputate ut, ultrices vel, augue."
825,928,2021-04-23T02:50:24Z,687,1,74.1,Suspendisse accumsan tortor quis turpis.
826,834,2020-09-06T09:21:29Z,66,6,20.7,In quis justo. Maecenas rhoncus aliquam lacus. Morbi quis tortor id nulla ultrices aliquet.
827,483,2020-12-03T02:21:03Z,799,8,86.54,
828,286,2021-04-10T09:03:57Z,204,5,49.42,"Integer pede justo, lacinia eget, tincidunt eget, tempus vel, pede."
829,825,2020-08-29T07:34:57Z,668,10,46.71,In hac habitasse platea dictumst. Etiam faucibus cursus urna. Ut tellus.
830,916,2021-07-21T16:28:49Z,489,7,74.41,Proin eu mi.
831,345,2020-08-27T11:41:04Z,499,2,81.37,Vestibulum ante ipsum primis in faucibus orci luctus et ultrices posuere cubilia Curae; Mauris viverra diam vitae quam.
832,234,2020-08-26T02:47:40Z,766,1,56.28,Nam dui.
833,451,2021-04-08T15:41:43Z,311,3,79.55,"Maecenas leo odio, condimentum id, luctus nec, molestie sed, justo. Pellentesque viverra pede ac diam. Cras pellentesque volutpat dui."
834,,2020-12-18T03:56:42Z,4,8,52.53,
835,815,2020-12-18T01:16:16Z,254,3,15.45,"Duis at velit eu est congue elementum. In hac habitasse platea dictumst. Morbi vestibulum, velit id pretium iaculis, diam erat fermentum justo, nec condimentum neque sapien placerat ante."
836,296,2021-04-01T10:37:22Z,281,8,88.24,
837,816,2020-08-21T21:39:25Z,840,,80.73,"Quisque arcu libero, rutrum ac, lobortis vel, dapibus at, diam."
838,759,2021-01-31T05:48:00Z,122,7,25.75,
839,788,2021-06-07T12:48:02Z,686,8,28.56,
840,127,2020-09-10T02:42:43Z,535,10,16.45,
841,789,2020-11-29T20:40:42Z,80,8,92.37,Nulla ut erat id mauris vulputate elementum.
842,840,2020-11-16T16:45:49Z,438,2,77.21,"Morbi sem mauris, laoreet ut, rhoncus aliquet, pulvinar sed, nisl."
843,942,2020-10-24T07:00:17Z,421,6,25.7,Aliquam quis turpis eget elit sodales scelerisque. Mauris sit amet eros. Suspendisse accumsan tortor quis turpis.
844,245,2020-09-26T16:14:21Z,268,6,36.84,Morbi a ipsum.
845,986,2021-04-13T19:20:36Z,706,6,21.58,Ut at dolor quis odio consequat varius. Integer ac leo.
846,786,2021-02-05T12:44:06Z,911,4,69.5,Nulla nisl. Nunc nisl.
847,286,2020-12-29T17:24:59Z,248,5,34.63,
848,536,2021-05-07T21:56:13Z,231,8,18.87,Nullam varius. Nulla facilisi.
849,880,2020-10-05T03:14:05Z,670,1,29.82,"Proin leo odio, porttitor id, consequat in, consequat ut, nulla. Sed accumsan felis. Ut at dolor quis odio consequat varius."
850,144,2021-06-17T04:53:58Z,673,8,89.67,"Aenean sit amet justo. Morbi ut odio. Cras mi pede, malesuada in, imperdiet et, commodo vulputate, justo."
851,370,2020-09-28T10:01:03Z,340,6,44.71,Nulla tellus. In sagittis dui vel nisl.
852,700,2021-05-14T07:59:14Z,490,6,96.76,"Quisque arcu libero, rutrum ac, lobortis vel, dapibus at, diam. Nam tristique tortor eu pede."
853,938,2020-09-03T18:46:45Z,507,4,43.07,Cras non velit nec nisi vulputate nonummy. Maecenas tincidunt lacus at velit. Vivamus vel nulla eget eros elementum pellentesque.
854,153,2021-02-01T01:17:27Z,1000,7,97.03,Vivamus in felis eu sapien cursus vestibulum.
855,463,2020-10-13T17:44:41Z,242,2,87.06,"Cras pellentesque volutpat dui. Maecenas tristique, est et tempus semper, est quam pharetra magna, ac consequat metus sapien ut nunc."
856,742,2021-02-20T07:57:11Z,476,1,78.7,
857,270,2021-06-10T15:24:26Z,254,9,65.81,"Donec odio justo, sollicitudin ut, suscipit a, feugiat et, eros."
858,529,2021-08-04T19:12:34Z,725,5,64.41,Praesent blandit. Nam nulla.
859,662,2020-10-07T22:50:00Z,204,9,59.01,"Vestibulum quam sapien, varius ut, blandit non, interdum in, ante. Vestibulum ante ipsum primis in faucibus orci luctus et ultrices posuere cubilia Curae; Duis faucibus accumsan odio. Curabitur convallis."
860,999,2020-08-21T20:33:50Z,895,5,68.37,Vestibulum ante ipsum primis in faucibus orci luctus et ultrices posuere cubilia Curae; Nulla dapibus dolor vel est.
861,213,2020-08-28T03:47:05Z,328,4,78.92,Donec quis orci eget orci vehicula condimentum. Curabitur in libero ut massa volutpat convallis.
862,777,2021-01-14T09:30:32Z,452,1,76.92,Pellentesque at nulla. Suspendisse potenti.
863,437,2020-12-19T16:09:20Z,540,9,70.43,Praesent blandit lacinia erat. Vestibulum sed magna at nunc commodo placerat.
864,258,2021-02-02T15:21:40Z,297,7,12.5,
865,744,2021-06-12T06:33:06Z,404,5,86.69,
866,217,2021-06-18T18:41:03Z,867,4,60.07,"Nam congue, risus semper porta volutpat, quam pede lobortis ligula, sit amet eleifend pede libero quis orci."
867,678,2021-04-28T20:22:37Z,642,5,81.0,
868,363,2020-09-07T14:25:13Z,679,9,65.96,
869,,2021-05-08T17:53:36Z,876,1,67.11,
870,950,2020-11-12T01:26:37Z,641,3,48.19,Suspendisse accumsan tortor quis turpis.
871,108,2021-06-19T04:47:21Z,387,2,50.57,Phasellus sit amet erat. Nulla tempus. Vivamus in felis eu sapien cursus vestibulum.
872,593,2021-02-08T07:46:52Z,642,4,22.63,Sed ante.
873,812,2021-08-10T09:03:07Z,131,4,83.94,Vivamus vel nulla eget eros elementum pellentesque.
874,355,2021-06-28T01:27:05Z,583,6,19.48,Aliquam sit amet diam in magna bibendum imperdiet.
875,3,2021-07-02T12:40:28Z,776,8,35.16,"Nunc rhoncus dui vel sem. Sed sagittis. Nam congue, risus semper porta volutpat, quam pede lobortis ligula, sit amet eleifend pede libero quis orci."
876,593,2021-06-30T14:43:15Z,467,2,17.02,Maecenas pulvinar lobortis est. Phasellus sit amet erat. Nulla tempus.
877,541,2020-10-12T16:43:34Z,215,9,21.4,Ut at dolor quis odio consequat varius. Integer ac leo.
878,473,2021-06-25T19:37:16Z,880,2,31.4,
879,357,2021-01-29T01:36:29Z,841,9,40.58,"Donec ut dolor. Morbi vel lectus in quam fringilla rhoncus. Mauris enim leo, rhoncus sed, vestibulum sit amet, cursus id, turpis."
880,14,2021-08-07T02:01:06Z,355,5,35.96,Nullam sit amet turpis elementum ligula vehicula consequat.
881,893,2020-09-01T15:18:00Z,332,9,87.19,Maecenas pulvinar lobortis est. Phasellus sit amet erat.
882,53,2021-04-12T17:42:16Z,398,7,28.6,"Morbi vestibulum, velit id pretium iaculis, diam erat fermentum justo, nec condimentum neque sapien placerat ante."
883,600,2021-01-03T18:54:26Z,892,1,14.81,Suspendisse accumsan tortor quis turpis. Sed ante.
884,841,2021-07-23T14:18:34Z,691,10,96.14,In hac habitasse platea dictumst.
885,139,2020-09-09T04:27:23Z,607,5,80.31,
886,127,2020-08-26T01:46:39Z,903,5,52.39,
887,836,2020-09-09T23:25:00Z,63,9,96.62,Vivamus in felis eu sapien cursus vestibulum. Proin eu mi. Nulla ac enim.
888,735,2021-07-05T23:23:41Z,427,2,80.22,Morbi a ipsum.
889,482,2021-01-25T15:24:00Z,529,5,73.11,Morbi non quam nec dui luctus rutrum.
890,971,2020-11-25T17:38:00Z,138,2,86.8,Pellentesque ultrices mattis odio.
891,88,2021-01-01T11:30:33Z,82,10,56.67,"Morbi sem mauris, laoreet ut, rhoncus aliquet, pulvinar sed, nisl. Nunc rhoncus dui vel sem."
892,391,2021-02-14T15:51:27Z,277,7,23.69,
893,983,2021-04-12T03:25:25Z,170,2,56.55,Suspendisse potenti.
894,140,2020-11-14T05:58:54Z,992,8,79.24,Proin risus. Praesent lectus.
895,734,2020-12-30T06:08:42Z,287,6,17.9,Nulla tempus.
896,767,2020-08-23T03:22:48Z,335,4,28.34,"Duis bibendum, felis sed interdum venenatis, turpis enim blandit mi, in porttitor pede justo eu massa. Donec dapibus."
897,319,2021-06-07T21:04:48Z,7,6,51.17,Pellentesque viverra pede ac diam.
898,943,2021-07-27T02:53:45Z,470,1,63.29,
899,769,2020-10-23T17:24:52Z,558,7,10.26,
900,627,2021-07-05T08:35:55Z,524,4,80.96,Proin at turpis a pede posuere nonummy. Integer non velit.
901,189,2020-08-18T18:31:45Z,260,3,17.66,
902,126,2020-11-07T17:59:39Z,290,1,31.71,
903,479,2021-02-23T19:14:23Z,574,10,37.17,
904,446,2021-07-31T04:09:20Z,451,6,35.0,In congue. Etiam justo. Etiam pretium iaculis justo.
905,900,2021-06-07T17:37:30Z,908,6,23.16,
906,851,2020-12-27T16:10:21Z,722,4,41.23,"Nulla neque libero, convallis eget, eleifend luctus, ultricies eu, nibh. Quisque id justo sit amet sapien dignissim vestibulum. Vestibulum ante ipsum primis in faucibus orci luctus et ultrices posuere cubilia Curae; Nulla dapibus dolor vel est."
907,,2020-09-11T20:08:30Z,924,6,82.62,
908,805,2021-01-12T09:56:49Z,309,2,11.51,
909,537,2020-11-20T15:14:15Z,713,8,59.59,Fusce posuere felis sed lacus.
910,624,2021-03-05T19:10:59Z,76,5,98.54,Etiam faucibus cursus urna. Ut tellus. Nulla ut erat id mauris vulputate elementum.
911,,2021-01-05T22:05:18Z,648,10,28.37,
912,311,2021-08-08T21:26:08Z,232,1,76.68,Nullam molestie nibh in lectus. Pellentesque at nulla.
913,913,2021-06-22T20:00:35Z,335,10,52.99,"Integer aliquet, massa id lobortis convallis, tortor risus dapibus augue, vel accumsan tellus nisi eu orci. Mauris lacinia sapien quis libero."
914,732,2021-07-05T04:12:26Z,946,10,43.21,
915,398,2021-06-27T01:09:19Z,831,9,89.45,Vestibulum ante ipsum primis in faucibus orci luctus et ultrices posuere cubilia Curae; Duis faucibus accumsan odio. Curabitur convallis.
916,501,2021-04-01T11:03:43Z,472,4,70.29,Duis bibendum. Morbi non quam nec dui luctus rutrum.
917,214,2021-07-06T05:00:40Z,519,3,80.07,Phasellus in felis. Donec semper sapien a libero.
918,265,2021-05-09T21:09:59Z,357,1,98.97,
919,719,2021-05-30T20:23:29Z,469,1,56.06,"Pellentesque ultrices mattis odio. Donec vitae nisi. Nam ultrices, libero non mattis pulvinar, nulla pede ullamcorper augue, a suscipit nulla elit ac nulla."
920,856,2021-02-08T04:57:35Z,478,7,85.46,Duis bibendum.
921,631,2021-02-07T02:01:42Z,147,3,76.77,
922,526,2021-08-09T10:38:26Z,219,3,23.64,
923,304,2021-06-21T14:08:59Z,63,8,85.74,"Cum sociis natoque penatibus et magnis dis parturient montes, nascetur ridiculus mus."
924,472,2021-04-08T14:37:38Z,755,4,22.84,"Cras pellentesque volutpat dui. Maecenas tristique, est et tempus semper, est quam pharetra magna, ac consequat metus sapien ut nunc."
925,538,2021-05-14T03:22:56Z,369,2,29.36,"In hac habitasse platea dictumst. Aliquam augue quam, sollicitudin vitae, consectetuer eget, rutrum at, lorem. Integer tincidunt ante vel ipsum."
926,305,2021-07-14T11:55:11Z,604,3,64.99,Donec ut dolor.
927,771,2021-08-12T14:16:22Z,617,10,47.83,"Nam ultrices, libero non mattis pulvinar, nulla pede ullamcorper augue, a suscipit nulla elit ac nulla. Sed vel enim sit amet nunc viverra dapibus."
928,868,2021-04-13T10:31:35Z,895,5,99.58,
929,186,2020-10-17T02:51:15Z,281,8,81.44,Nam dui.
930,463,2020-09-11T06:32:07Z,87,8,90.77,Integer a nibh. In quis justo.
931,356,2021-07-10T16:07:11Z,408,2,45.36,
932,827,2021-04-24T00:08:40Z,683,9,95.73,
933,496,2020-09-01T07:31:36Z,564,5,85.37,"Aenean fermentum. Donec ut mauris eget massa tempor convallis. Nulla neque libero, convallis eget, eleifend luctus, ultricies eu, nibh."
934,649,2021-01-31T06:17:10Z,382,1,84.3,Mauris lacinia sapien quis libero. Nullam sit amet turpis elementum ligula vehicula consequat. Morbi a ipsum.
935,377,2020-08-27T09:08:47Z,86,1,12.16,Nullam sit amet turpis elementum ligula vehicula consequat. Morbi a ipsum. Integer a nibh.
936,127,2020-12-01T01:06:01Z,847,3,53.43,Maecenas rhoncus aliquam lacus.
937,870,2020-11-21T10:31:11Z,187,5,22.32,Aenean auctor gravida sem.
938,69,2021-03-09T06:09:54Z,54,4,35.03,
939,553,2020-12-01T00:28:46Z,12,9,54.94,
940,162,2021-04-02T20:29:34Z,752,3,58.41,
941,82,2020-09-03T01:03:08Z,828,8,20.5,"Suspendisse ornare consequat lectus. In est risus, auctor sed, tristique in, tempus sit amet, sem."
942,,2021-02-09T19:20:02Z,373,2,83.53,
943,,2021-04-13T08:37:40Z,477,5,62.92,"Donec ut dolor. Morbi vel lectus in quam fringilla rhoncus. Mauris enim leo, rhoncus sed, vestibulum sit amet, cursus id, turpis."
944,83,2021-05-28T00:05:27Z,191,8,66.16,"Nam congue, risus semper porta volutpat, quam pede lobortis ligula, sit amet eleifend pede libero quis orci."
945,906,2020-09-01T17:56:43Z,640,2,93.16,
946,81,2020-12-12T22:29:01Z,668,8,83.84,"Morbi vel lectus in quam fringilla rhoncus. Mauris enim leo, rhoncus sed, vestibulum sit amet, cursus id, turpis. Integer aliquet, massa id lobortis convallis, tortor risus dapibus augue, vel accumsan tellus nisi eu orci."
947,691,2021-08-02T09:57:16Z,218,6,32.6,"Quisque porta volutpat erat. Quisque erat eros, viverra eget, congue eget, semper rutrum, nulla. Nunc purus."
948,917,2021-07-16T22:41:45Z,976,4,55.26,Vestibulum ante ipsum primis in faucibus orci luctus et ultrices posuere cubilia Curae; Duis faucibus accumsan odio.
949,516,2020-12-25T01:53:56Z,273,1,45.92,Nulla ut erat id mauris vulputate elementum. Nullam varius. Nulla facilisi.
950,156,2020-08-25T21:00:40Z,247,5,98.6,Nam tristique tortor eu pede.
951,330,2020-12-02T11:29:38Z,206,1,56.4,
952,497,2021-03-06T07:33:37Z,194,,97.85,
953,230,2020-11-02T19:31:59Z,237,7,80.4,
954,139,2021-05-22T20:08:58Z,426,5,17.74,"Maecenas tristique, est et tempus semper, est quam pharetra magna, ac consequat metus sapien ut nunc. Vestibulum ante ipsum primis in faucibus orci luctus et ultrices posuere cubilia Curae; Mauris viverra diam vitae quam. Suspendisse potenti."
955,464,2020-09-29T11:29:44Z,684,4,92.9,
956,268,2021-06-04T01:32:30Z,817,3,77.63,Vestibulum ante ipsum primis in faucibus orci luctus et ultrices posuere cubilia Curae; Mauris viverra diam vitae quam. Suspendisse potenti. Nullam porttitor lacus at turpis.
957,953,2020-11-26T17:24:25Z,854,4,45.63,
958,53,2021-03-25T15:18:10Z,60,10,41.16,"Cum sociis natoque penatibus et magnis dis parturient montes, nascetur ridiculus mus. Vivamus vestibulum sagittis sapien. Cum sociis natoque penatibus et magnis dis parturient montes, nascetur ridiculus mus."
959,559,2021-05-10T11:32:17Z,302,6,93.22,Vestibulum ante ipsum primis in faucibus orci luctus et ultrices posuere cubilia Curae; Nulla dapibus dolor vel est.
960,582,2021-01-13T05:08:07Z,456,4,91.64,Nunc purus.
961,24,2020-08-22T17:10:55Z,697,3,41.97,"Aliquam augue quam, sollicitudin vitae, consectetuer eget, rutrum at, lorem. Integer tincidunt ante vel ipsum. Praesent blandit lacinia erat."
962,928,2021-01-09T00:54:46Z,166,10,22.02,"Mauris ullamcorper purus sit amet nulla. Quisque arcu libero, rutrum ac, lobortis vel, dapibus at, diam. Nam tristique tortor eu pede."
963,354,2021-01-31T09:29:05Z,572,5,94.82,
964,963,2020-11-28T07:14:32Z,539,4,51.7,Quisque porta volutpat erat.
965,639,2021-05-14T14:56:09Z,519,9,92.35,Suspendisse potenti.
966,91,2021-03-11T10:39:57Z,528,1,72.01,Donec posuere metus vitae ipsum.
967,469,2021-07-11T10:30:38Z,502,5,81.13,"Integer non velit. Donec diam neque, vestibulum eget, vulputate ut, ultrices vel, augue."
968,934,2021-06-29T06:40:26Z,232,10,81.93,"In tempor, turpis nec euismod scelerisque, quam turpis adipiscing lorem, vitae mattis nibh ligula nec sem. Duis aliquam convallis nunc."
969,922,2021-03-15T14:31:46Z,25,7,98.15,Aliquam non mauris.
970,877,2020-11-15T03:14:59Z,565,2,86.46,
971,,2021-03-04T20:40:38Z,787,10,50.76,
972,977,2021-05-19T07:22:03Z,852,9,58.36,
973,195,2021-07-16T14:43:07Z,867,9,49.1,"Duis bibendum, felis sed interdum venenatis, turpis enim blandit mi, in porttitor pede justo eu massa."
974,237,2021-08-15T22:52:54Z,536,8,54.22,
975,87,2021-03-26T15:40:02Z,468,1,88.88,In eleifend quam a odio. In hac habitasse platea dictumst. Maecenas ut massa quis augue luctus tincidunt.
976,96,2021-05-08T13:09:39Z,947,1,85.27,
977,137,2021-01-23T03:40:31Z,580,6,50.02,"Integer non velit. Donec diam neque, vestibulum eget, vulputate ut, ultrices vel, augue."
978,968,2021-05-19T11:17:48Z,320,9,34.06,Ut at dolor quis odio consequat varius.
979,558,2020-09-21T00:12:10Z,355,2,29.93,
980,829,2021-06-30T11:06:26Z,76,1,41.13,Morbi quis tortor id nulla ultrices aliquet.
981,593,2020-10-28T23:35:41Z,90,7,12.74,
982,571,2021-03-24T18:50:48Z,608,10,24.46,"Proin interdum mauris non ligula pellentesque ultrices. Phasellus id sapien in sapien iaculis congue. Vivamus metus arcu, adipiscing molestie, hendrerit at, vulputate vitae, nisl."
983,182,2021-04-08T01:35:40Z,569,8,71.06,Morbi ut odio.
984,309,2021-08-09T06:46:17Z,5,10,46.23,
985,668,2020-08-24T14:56:55Z,153,6,42.85,
986,682,2020-10-30T04:55:15Z,426,1,11.6,Nullam varius. Nulla facilisi.
987,183,2021-06-02T17:08:26Z,84,9,72.46,Curabitur convallis. Duis consequat dui nec nisi volutpat eleifend. Donec ut dolor.
988,442,2021-02-13T07:37:40Z,456,3,72.32,Aenean auctor gravida sem. Praesent id massa id nisl venenatis lacinia.
989,453,2021-08-02T23:55:04Z,717,10,24.59,
990,265,2021-01-11T02:37:55Z,651,10,17.52,
991,140,2021-05-17T16:08:18Z,109,1,23.5,"Fusce lacus purus, aliquet at, feugiat non, pretium quis, lectus. Suspendisse potenti."
992,914,2020-11-17T22:00:17Z,201,9,88.56,
993,900,2021-07-01T19:42:15Z,562,5,35.15,
994,141,2020-11-21T04:19:10Z,307,8,65.52,In eleifend quam a odio. In hac habitasse platea dictumst.
995,925,2021-04-18T12:32:19Z,826,1,62.95,Duis at velit eu est congue elementum. In hac habitasse platea dictumst.
996,819,2021-01-11T01:06:44Z,202,10,99.62,"Donec vitae nisi. Nam ultrices, libero non mattis pulvinar, nulla pede ullamcorper augue, a suscipit nulla elit ac nulla. Sed vel enim sit amet nunc viverra dapibus."
997,158,2020-10-18T21:28:42Z,648,1,48.03,Quisque ut erat.
998,8,2020-09-09T09:08:58Z,259,8,87.58,
999,441,2020-08-19T08:55:45Z,462,10,30.06,"Proin eu mi. Nulla ac enim. In tempor, turpis nec euismod scelerisque, quam turpis adipiscing lorem, vitae mattis nibh ligula nec sem."
1000,61,2021-03-31T20:10:15Z,949,10,13.05,Aliquam quis turpis eget elit sodales scelerisque. Mauris sit amet eros.
